"image","class"
"resistor_00001.jpg","100R_1-4W"
"resistor_00002.jpg","100R_1-4W"
"resistor_00003.jpg","100R_1-4W"
"resistor_00004.jpg","100R_1-4W"
"resistor_00005.jpg","100R_1-4W"
"resistor_00006.jpg","100R_1-4W"
"resistor_00007.jpg","100R_1-4W"
"resistor_00008.jpg","100R_1-4W"
"resistor_00009.jpg","100R_1-4W"
"resistor_00010.jpg","100R_1-4W"
"resistor_00011.jpg","100R_1-4W"
"resistor_00012.jpg","100R_1-4W"
"resistor_00013.jpg","100R_1-4W"
"resistor_00014.jpg","100R_1-4W"
"resistor_00015.jpg","100R_1-4W"
"resistor_00016.jpg","100R_1-4W"
"resistor_00017.jpg","100R_1-4W"
"resistor_00018.jpg","100R_1-4W"
"resistor_00019.jpg","100R_1-4W"
"resistor_00020.jpg","100R_1-4W"
"resistor_00021.jpg","100R_1-4W"
"resistor_00022.jpg","100R_1-4W"
"resistor_00023.jpg","100R_1-4W"
"resistor_00024.jpg","100R_1-4W"
"resistor_00025.jpg","100R_1-4W"
"resistor_00026.jpg","100R_1-4W"
"resistor_00027.jpg","100R_1-4W"
"resistor_00028.jpg","100R_1-4W"
"resistor_00029.jpg","100R_1-4W"
"resistor_00030.jpg","100R_1-4W"
"resistor_00031.jpg","100R_1-4W"
"resistor_00032.jpg","100R_1-4W"
"resistor_00033.jpg","100R_1-4W"
"resistor_00034.jpg","100R_1-4W"
"resistor_00035.jpg","100R_1-4W"
"resistor_00036.jpg","100R_1-4W"
"resistor_00037.jpg","100R_1-4W"
"resistor_00038.jpg","100R_1-4W"
"resistor_00039.jpg","100R_1-4W"
"resistor_00040.jpg","100R_1-4W"
"resistor_00041.jpg","100R_1-4W"
"resistor_00042.jpg","100R_1-4W"
"resistor_00043.jpg","100R_1-4W"
"resistor_00044.jpg","100R_1-4W"
"resistor_00045.jpg","100R_1-4W"
"resistor_00046.jpg","100R_1-4W"
"resistor_00047.jpg","100R_1-4W"
"resistor_00048.jpg","100R_1-4W"
"resistor_00049.jpg","100R_1-4W"
"resistor_00050.jpg","100R_1-4W"
"resistor_00051.jpg","100R_1-4W"
"resistor_00052.jpg","100R_1-4W"
"resistor_00053.jpg","100R_1-4W"
"resistor_00054.jpg","100R_1-4W"
"resistor_00055.jpg","100R_1-4W"
"resistor_00056.jpg","100R_1-4W"
"resistor_00057.jpg","100R_1-4W"
"resistor_00058.jpg","100R_1-4W"
"resistor_00059.jpg","100R_1-4W"
"resistor_00060.jpg","100R_1-4W"
"resistor_00061.jpg","100R_1-4W"
"resistor_00062.jpg","100R_1-4W"
"resistor_00063.jpg","100R_1-4W"
"resistor_00064.jpg","100R_1-4W"
"resistor_00065.jpg","100R_1-4W"
"resistor_00066.jpg","100R_1-4W"
"resistor_00067.jpg","100R_1-4W"
"resistor_00068.jpg","100R_1-4W"
"resistor_00069.jpg","100R_1-4W"
"resistor_00070.jpg","100R_1-4W"
"resistor_00071.jpg","100R_1-4W"
"resistor_00072.jpg","100R_1-4W"
"resistor_00073.jpg","100R_1-4W"
"resistor_00074.jpg","100R_1-4W"
"resistor_00075.jpg","100R_1-4W"
"resistor_00076.jpg","100R_1-4W"
"resistor_00077.jpg","100R_1-4W"
"resistor_00078.jpg","100R_1-4W"
"resistor_00079.jpg","100R_1-4W"
"resistor_00080.jpg","100R_1-4W"
"resistor_00081.jpg","100R_1-4W"
"resistor_00082.jpg","100R_1-4W"
"resistor_00083.jpg","100R_1-4W"
"resistor_00084.jpg","100R_1-4W"
"resistor_00085.jpg","100R_1-4W"
"resistor_00086.jpg","100R_1-4W"
"resistor_00087.jpg","100R_1-4W"
"resistor_00088.jpg","100R_1-4W"
"resistor_00089.jpg","100R_1-4W"
"resistor_00090.jpg","100R_1-4W"
"resistor_00091.jpg","100R_1-4W"
"resistor_00092.jpg","100R_1-4W"
"resistor_00093.jpg","100R_1-4W"
"resistor_00094.jpg","100R_1-4W"
"resistor_00095.jpg","100R_1-4W"
"resistor_00096.jpg","100R_1-4W"
"resistor_00097.jpg","100R_1-4W"
"resistor_00098.jpg","100R_1-4W"
"resistor_00099.jpg","100R_1-4W"
"resistor_00100.jpg","100R_1-4W"
"resistor_00101.jpg","100R_1-4W"
"resistor_00102.jpg","100R_1-4W"
"resistor_00103.jpg","100R_1-4W"
"resistor_00104.jpg","100R_1-4W"
"resistor_00105.jpg","100R_1-4W"
"resistor_00106.jpg","100R_1-4W"
"resistor_00107.jpg","100R_1-4W"
"resistor_00108.jpg","100R_1-4W"
"resistor_00109.jpg","100R_1-4W"
"resistor_00110.jpg","100R_1-4W"
"resistor_00111.jpg","100R_1-4W"
"resistor_00112.jpg","10R_1W"
"resistor_00113.jpg","10R_1W"
"resistor_00114.jpg","10R_1W"
"resistor_00115.jpg","10R_1W"
"resistor_00116.jpg","10R_1W"
"resistor_00117.jpg","10R_1W"
"resistor_00118.jpg","10R_1W"
"resistor_00119.jpg","10R_1W"
"resistor_00120.jpg","10R_1W"
"resistor_00121.jpg","10R_1W"
"resistor_00122.jpg","10R_1W"
"resistor_00123.jpg","10R_1W"
"resistor_00124.jpg","10R_1W"
"resistor_00125.jpg","10R_1W"
"resistor_00126.jpg","10R_1W"
"resistor_00127.jpg","10R_1W"
"resistor_00128.jpg","10R_1W"
"resistor_00129.jpg","10R_1W"
"resistor_00130.jpg","10R_1W"
"resistor_00131.jpg","10R_1W"
"resistor_00132.jpg","10R_1W"
"resistor_00133.jpg","10R_1W"
"resistor_00134.jpg","10R_1W"
"resistor_00135.jpg","10R_1W"
"resistor_00136.jpg","10R_1W"
"resistor_00137.jpg","10R_1W"
"resistor_00138.jpg","10R_1W"
"resistor_00139.jpg","10R_1W"
"resistor_00140.jpg","10R_1W"
"resistor_00141.jpg","10R_1W"
"resistor_00142.jpg","10R_1W"
"resistor_00143.jpg","10R_1W"
"resistor_00144.jpg","10R_1W"
"resistor_00145.jpg","10R_1W"
"resistor_00146.jpg","10R_1W"
"resistor_00147.jpg","10R_1W"
"resistor_00148.jpg","10R_1W"
"resistor_00149.jpg","10R_1W"
"resistor_00150.jpg","10R_1W"
"resistor_00151.jpg","10R_1W"
"resistor_00152.jpg","10R_1W"
"resistor_00153.jpg","10R_1W"
"resistor_00154.jpg","10R_1W"
"resistor_00155.jpg","10R_1W"
"resistor_00156.jpg","10R_1W"
"resistor_00157.jpg","10R_1W"
"resistor_00158.jpg","10R_1W"
"resistor_00159.jpg","10R_1W"
"resistor_00160.jpg","10R_1W"
"resistor_00161.jpg","10R_1W"
"resistor_00162.jpg","10R_1W"
"resistor_00163.jpg","10R_1W"
"resistor_00164.jpg","10R_1W"
"resistor_00165.jpg","10R_1W"
"resistor_00166.jpg","10R_1W"
"resistor_00167.jpg","10R_1W"
"resistor_00168.jpg","10R_1W"
"resistor_00169.jpg","10R_1W"
"resistor_00170.jpg","10R_1W"
"resistor_00171.jpg","10R_2W"
"resistor_00172.jpg","10R_2W"
"resistor_00173.jpg","10R_2W"
"resistor_00174.jpg","10R_2W"
"resistor_00175.jpg","10R_2W"
"resistor_00176.jpg","10R_2W"
"resistor_00177.jpg","10R_2W"
"resistor_00178.jpg","10R_2W"
"resistor_00179.jpg","10R_2W"
"resistor_00180.jpg","10R_2W"
"resistor_00181.jpg","10R_2W"
"resistor_00182.jpg","10R_2W"
"resistor_00183.jpg","10R_2W"
"resistor_00184.jpg","10R_2W"
"resistor_00185.jpg","10R_2W"
"resistor_00186.jpg","10R_2W"
"resistor_00187.jpg","10R_2W"
"resistor_00188.jpg","10R_2W"
"resistor_00189.jpg","10R_2W"
"resistor_00190.jpg","10R_2W"
"resistor_00191.jpg","10R_2W"
"resistor_00192.jpg","10R_2W"
"resistor_00193.jpg","10R_2W"
"resistor_00194.jpg","10R_2W"
"resistor_00195.jpg","10R_2W"
"resistor_00196.jpg","10R_2W"
"resistor_00197.jpg","10R_2W"
"resistor_00198.jpg","10R_2W"
"resistor_00199.jpg","10R_2W"
"resistor_00200.jpg","10R_2W"
"resistor_00201.jpg","10R_2W"
"resistor_00202.jpg","10R_2W"
"resistor_00203.jpg","10R_2W"
"resistor_00204.jpg","10R_2W"
"resistor_00205.jpg","10R_2W"
"resistor_00206.jpg","10R_2W"
"resistor_00207.jpg","10R_2W"
"resistor_00208.jpg","10R_2W"
"resistor_00209.jpg","10R_2W"
"resistor_00210.jpg","10R_2W"
"resistor_00211.jpg","10R_2W"
"resistor_00212.jpg","10R_2W"
"resistor_00213.jpg","10R_2W"
"resistor_00214.jpg","10R_2W"
"resistor_00215.jpg","10R_2W"
"resistor_00216.jpg","10R_2W"
"resistor_00217.jpg","10R_2W"
"resistor_00218.jpg","10R_2W"
"resistor_00219.jpg","10R_2W"
"resistor_00220.jpg","10R_2W"
"resistor_00221.jpg","10R_2W"
"resistor_00222.jpg","10R_2W"
"resistor_00223.jpg","10R_2W"
"resistor_00224.jpg","10R_2W"
"resistor_00225.jpg","10R_2W"
"resistor_00226.jpg","10R_2W"
"resistor_00227.jpg","10R_2W"
"resistor_00228.jpg","10R_2W"
"resistor_00229.jpg","10R_2W"
"resistor_00230.jpg","10R_2W"
"resistor_00231.jpg","10R_2W"
"resistor_00232.jpg","10R_2W"
"resistor_00233.jpg","10R_2W"
"resistor_00234.jpg","10R_2W"
"resistor_00235.jpg","10R_2W"
"resistor_00236.jpg","10R_2W"
"resistor_00237.jpg","10R_2W"
"resistor_00238.jpg","10R_2W"
"resistor_00239.jpg","10R_2W"
"resistor_00240.jpg","10R_2W"
"resistor_00241.jpg","10R_2W"
"resistor_00242.jpg","10R_2W"
"resistor_00243.jpg","10R_2W"
"resistor_00244.jpg","10R_2W"
"resistor_00245.jpg","10R_2W"
"resistor_00246.jpg","10R_2W"
"resistor_00247.jpg","10R_2W"
"resistor_00248.jpg","10R_2W"
"resistor_00249.jpg","10R_2W"
"resistor_00250.jpg","10R_2W"
"resistor_00251.jpg","10R_2W"
"resistor_00252.jpg","10R_2W"
"resistor_00253.jpg","10R_2W"
"resistor_00254.jpg","10R_2W"
"resistor_00255.jpg","10R_2W"
"resistor_00256.jpg","10R_2W"
"resistor_00257.jpg","10R_2W"
"resistor_00258.jpg","10R_2W"
"resistor_00259.jpg","10R_2W"
"resistor_00260.jpg","10R_2W"
"resistor_00261.jpg","10R_2W"
"resistor_00262.jpg","10R_2W"
"resistor_00263.jpg","10R_2W"
"resistor_00264.jpg","10R_2W"
"resistor_00265.jpg","10R_2W"
"resistor_00266.jpg","10R_2W"
"resistor_00267.jpg","10R_2W"
"resistor_00268.jpg","10R_2W"
"resistor_00269.jpg","10R_2W"
"resistor_00270.jpg","10_1-4W"
"resistor_00271.jpg","10_1-4W"
"resistor_00272.jpg","10_1-4W"
"resistor_00273.jpg","10_1-4W"
"resistor_00274.jpg","10_1-4W"
"resistor_00275.jpg","10_1-4W"
"resistor_00276.jpg","10_1-4W"
"resistor_00277.jpg","10_1-4W"
"resistor_00278.jpg","10_1-4W"
"resistor_00279.jpg","10_1-4W"
"resistor_00280.jpg","10_1-4W"
"resistor_00281.jpg","10_1-4W"
"resistor_00282.jpg","10_1-4W"
"resistor_00283.jpg","10_1-4W"
"resistor_00284.jpg","10_1-4W"
"resistor_00285.jpg","10_1-4W"
"resistor_00286.jpg","10_1-4W"
"resistor_00287.jpg","10_1-4W"
"resistor_00288.jpg","10_1-4W"
"resistor_00289.jpg","10_1-4W"
"resistor_00290.jpg","10_1-4W"
"resistor_00291.jpg","10_1-4W"
"resistor_00292.jpg","10_1-4W"
"resistor_00293.jpg","10_1-4W"
"resistor_00294.jpg","10_1-4W"
"resistor_00295.jpg","10_1-4W"
"resistor_00296.jpg","10_1-4W"
"resistor_00297.jpg","10_1-4W"
"resistor_00298.jpg","10_1-4W"
"resistor_00299.jpg","10_1-4W"
"resistor_00300.jpg","10_1-4W"
"resistor_00301.jpg","10_1-4W"
"resistor_00302.jpg","10_1-4W"
"resistor_00303.jpg","10_1-4W"
"resistor_00304.jpg","10_1-4W"
"resistor_00305.jpg","10_1-4W"
"resistor_00306.jpg","10_1-4W"
"resistor_00307.jpg","10_1-4W"
"resistor_00308.jpg","10_1-4W"
"resistor_00309.jpg","10_1-4W"
"resistor_00310.jpg","10_1-4W"
"resistor_00311.jpg","10_1-4W"
"resistor_00312.jpg","10_1-4W"
"resistor_00313.jpg","10_1-4W"
"resistor_00314.jpg","10_1-4W"
"resistor_00315.jpg","10_1-4W"
"resistor_00316.jpg","10_1-4W"
"resistor_00317.jpg","10_1-4W"
"resistor_00318.jpg","10_1-4W"
"resistor_00319.jpg","10_1-4W"
"resistor_00320.jpg","10_1-4W"
"resistor_00321.jpg","10_1-4W"
"resistor_00322.jpg","10_1-4W"
"resistor_00323.jpg","10_1-4W"
"resistor_00324.jpg","10_1-4W"
"resistor_00325.jpg","10_1-4W"
"resistor_00326.jpg","10_1-4W"
"resistor_00327.jpg","10_1-4W"
"resistor_00328.jpg","10_1-4W"
"resistor_00329.jpg","10_1-4W"
"resistor_00330.jpg","10_1-4W"
"resistor_00331.jpg","10_1-4W"
"resistor_00332.jpg","10_1-4W"
"resistor_00333.jpg","10_1-4W"
"resistor_00334.jpg","10_1-4W"
"resistor_00335.jpg","10_1-4W"
"resistor_00336.jpg","10_1-4W"
"resistor_00337.jpg","10_1-4W"
"resistor_00338.jpg","10_1-4W"
"resistor_00339.jpg","10_1-4W"
"resistor_00340.jpg","11M_1-2W"
"resistor_00341.jpg","11M_1-2W"
"resistor_00342.jpg","11M_1-2W"
"resistor_00343.jpg","11M_1-2W"
"resistor_00344.jpg","11M_1-2W"
"resistor_00345.jpg","11M_1-2W"
"resistor_00346.jpg","11M_1-2W"
"resistor_00347.jpg","11M_1-2W"
"resistor_00348.jpg","11M_1-2W"
"resistor_00349.jpg","11M_1-2W"
"resistor_00350.jpg","11M_1-2W"
"resistor_00351.jpg","11M_1-2W"
"resistor_00352.jpg","11M_1-2W"
"resistor_00353.jpg","11M_1-2W"
"resistor_00354.jpg","11M_1-2W"
"resistor_00355.jpg","11M_1-2W"
"resistor_00356.jpg","11M_1-2W"
"resistor_00357.jpg","11M_1-2W"
"resistor_00358.jpg","11M_1-2W"
"resistor_00359.jpg","11M_1-2W"
"resistor_00360.jpg","11M_1-2W"
"resistor_00361.jpg","11M_1-2W"
"resistor_00362.jpg","11M_1-2W"
"resistor_00363.jpg","11M_1-2W"
"resistor_00364.jpg","11M_1-2W"
"resistor_00365.jpg","11M_1-2W"
"resistor_00366.jpg","11M_1-2W"
"resistor_00367.jpg","11M_1-2W"
"resistor_00368.jpg","11M_1-2W"
"resistor_00369.jpg","11M_1-2W"
"resistor_00370.jpg","11M_1-2W"
"resistor_00371.jpg","11M_1-2W"
"resistor_00372.jpg","11M_1-2W"
"resistor_00373.jpg","11M_1-2W"
"resistor_00374.jpg","11M_1-2W"
"resistor_00375.jpg","11M_1-2W"
"resistor_00376.jpg","11M_1-2W"
"resistor_00377.jpg","11M_1-2W"
"resistor_00378.jpg","11M_1-2W"
"resistor_00379.jpg","11M_1-2W"
"resistor_00380.jpg","11M_1-2W"
"resistor_00381.jpg","11M_1-2W"
"resistor_00382.jpg","11M_1-2W"
"resistor_00383.jpg","11M_1-2W"
"resistor_00384.jpg","11M_1-2W"
"resistor_00385.jpg","11M_1-2W"
"resistor_00386.jpg","11M_1-2W"
"resistor_00387.jpg","11M_1-2W"
"resistor_00388.jpg","11M_1-2W"
"resistor_00389.jpg","11M_1-2W"
"resistor_00390.jpg","11M_1-2W"
"resistor_00391.jpg","11M_1-2W"
"resistor_00392.jpg","11M_1-2W"
"resistor_00393.jpg","11M_1-2W"
"resistor_00394.jpg","11M_1-2W"
"resistor_00395.jpg","11M_1-2W"
"resistor_00396.jpg","11M_1-2W"
"resistor_00397.jpg","11M_1-2W"
"resistor_00398.jpg","11M_1-2W"
"resistor_00399.jpg","11M_1-2W"
"resistor_00400.jpg","11M_1-2W"
"resistor_00401.jpg","11M_1-2W"
"resistor_00402.jpg","11M_1-2W"
"resistor_00403.jpg","11M_1-2W"
"resistor_00404.jpg","11M_1-2W"
"resistor_00405.jpg","11M_1-2W"
"resistor_00406.jpg","11M_1-2W"
"resistor_00407.jpg","11M_1-2W"
"resistor_00408.jpg","11M_1-2W"
"resistor_00409.jpg","11M_1-2W"
"resistor_00410.jpg","11M_1-2W"
"resistor_00411.jpg","11M_1-2W"
"resistor_00412.jpg","150R_1-4W"
"resistor_00413.jpg","150R_1-4W"
"resistor_00414.jpg","150R_1-4W"
"resistor_00415.jpg","150R_1-4W"
"resistor_00416.jpg","150R_1-4W"
"resistor_00417.jpg","150R_1-4W"
"resistor_00418.jpg","150R_1-4W"
"resistor_00419.jpg","150R_1-4W"
"resistor_00420.jpg","150R_1-4W"
"resistor_00421.jpg","150R_1-4W"
"resistor_00422.jpg","150R_1-4W"
"resistor_00423.jpg","150R_1-4W"
"resistor_00424.jpg","150R_1-4W"
"resistor_00425.jpg","150R_1-4W"
"resistor_00426.jpg","150R_1-4W"
"resistor_00427.jpg","150R_1-4W"
"resistor_00428.jpg","150R_1-4W"
"resistor_00429.jpg","150R_1-4W"
"resistor_00430.jpg","150R_1-4W"
"resistor_00431.jpg","150R_1-4W"
"resistor_00432.jpg","150R_1-4W"
"resistor_00433.jpg","150R_1-4W"
"resistor_00434.jpg","150R_1-4W"
"resistor_00435.jpg","150R_1-4W"
"resistor_00436.jpg","150R_1-4W"
"resistor_00437.jpg","150R_1-4W"
"resistor_00438.jpg","150R_1-4W"
"resistor_00439.jpg","150R_1-4W"
"resistor_00440.jpg","150R_1-4W"
"resistor_00441.jpg","150R_1-4W"
"resistor_00442.jpg","150R_1-4W"
"resistor_00443.jpg","150R_1-4W"
"resistor_00444.jpg","150R_1-4W"
"resistor_00445.jpg","150R_1-4W"
"resistor_00446.jpg","150R_1-4W"
"resistor_00447.jpg","150R_1-4W"
"resistor_00448.jpg","150R_1-4W"
"resistor_00449.jpg","150R_1-4W"
"resistor_00450.jpg","150R_1-4W"
"resistor_00451.jpg","150R_1-4W"
"resistor_00452.jpg","150R_1-4W"
"resistor_00453.jpg","150R_1-4W"
"resistor_00454.jpg","150R_1-4W"
"resistor_00455.jpg","150R_1-4W"
"resistor_00456.jpg","150R_1-4W"
"resistor_00457.jpg","150R_1-4W"
"resistor_00458.jpg","150R_1-4W"
"resistor_00459.jpg","150R_1-4W"
"resistor_00460.jpg","150R_1-4W"
"resistor_00461.jpg","150R_1-4W"
"resistor_00462.jpg","150R_1-4W"
"resistor_00463.jpg","150R_1-4W"
"resistor_00464.jpg","150R_1-4W"
"resistor_00465.jpg","150R_1-4W"
"resistor_00466.jpg","150R_1-4W"
"resistor_00467.jpg","150R_1-4W"
"resistor_00468.jpg","150R_1-4W"
"resistor_00469.jpg","150R_1-4W"
"resistor_00470.jpg","150R_1-4W"
"resistor_00471.jpg","150R_1-4W"
"resistor_00472.jpg","150R_1-4W"
"resistor_00473.jpg","150R_1-4W"
"resistor_00474.jpg","150R_1-4W"
"resistor_00475.jpg","150R_1-4W"
"resistor_00476.jpg","150R_1-4W"
"resistor_00477.jpg","150R_1-4W"
"resistor_00478.jpg","150R_1-4W"
"resistor_00479.jpg","150R_1-4W"
"resistor_00480.jpg","150R_1-4W"
"resistor_00481.jpg","150R_1-4W"
"resistor_00482.jpg","150R_1-8W"
"resistor_00483.jpg","150R_1-8W"
"resistor_00484.jpg","150R_1-8W"
"resistor_00485.jpg","150R_1-8W"
"resistor_00486.jpg","150R_1-8W"
"resistor_00487.jpg","150R_1-8W"
"resistor_00488.jpg","150R_1-8W"
"resistor_00489.jpg","150R_1-8W"
"resistor_00490.jpg","150R_1-8W"
"resistor_00491.jpg","150R_1-8W"
"resistor_00492.jpg","150R_1-8W"
"resistor_00493.jpg","150R_1-8W"
"resistor_00494.jpg","150R_1-8W"
"resistor_00495.jpg","150R_1-8W"
"resistor_00496.jpg","150R_1-8W"
"resistor_00497.jpg","150R_1-8W"
"resistor_00498.jpg","150R_1-8W"
"resistor_00499.jpg","150R_1-8W"
"resistor_00500.jpg","150R_1-8W"
"resistor_00501.jpg","150R_1-8W"
"resistor_00502.jpg","150R_1-8W"
"resistor_00503.jpg","150R_1-8W"
"resistor_00504.jpg","150R_1-8W"
"resistor_00505.jpg","150R_1-8W"
"resistor_00506.jpg","150R_1-8W"
"resistor_00507.jpg","150R_1-8W"
"resistor_00508.jpg","150R_1-8W"
"resistor_00509.jpg","150R_1-8W"
"resistor_00510.jpg","150R_1-8W"
"resistor_00511.jpg","150R_1-8W"
"resistor_00512.jpg","150R_1-8W"
"resistor_00513.jpg","150R_1-8W"
"resistor_00514.jpg","150R_1-8W"
"resistor_00515.jpg","150R_1-8W"
"resistor_00516.jpg","150R_1-8W"
"resistor_00517.jpg","150R_1-8W"
"resistor_00518.jpg","150R_1-8W"
"resistor_00519.jpg","150R_1-8W"
"resistor_00520.jpg","150R_1-8W"
"resistor_00521.jpg","150R_1-8W"
"resistor_00522.jpg","150R_1-8W"
"resistor_00523.jpg","150R_1-8W"
"resistor_00524.jpg","150R_1-8W"
"resistor_00525.jpg","150R_1-8W"
"resistor_00526.jpg","150R_1-8W"
"resistor_00527.jpg","150R_1-8W"
"resistor_00528.jpg","150R_1-8W"
"resistor_00529.jpg","150R_1-8W"
"resistor_00530.jpg","150R_1-8W"
"resistor_00531.jpg","150R_1-8W"
"resistor_00532.jpg","150R_1-8W"
"resistor_00533.jpg","150R_1-8W"
"resistor_00534.jpg","150R_1-8W"
"resistor_00535.jpg","150R_1-8W"
"resistor_00536.jpg","150R_1-8W"
"resistor_00537.jpg","150R_1-8W"
"resistor_00538.jpg","150R_1-8W"
"resistor_00539.jpg","150R_1-8W"
"resistor_00540.jpg","150R_1-8W"
"resistor_00541.jpg","150R_1-8W"
"resistor_00542.jpg","150R_1-8W"
"resistor_00543.jpg","150R_1-8W"
"resistor_00544.jpg","150R_1-8W"
"resistor_00545.jpg","150R_1-8W"
"resistor_00546.jpg","150R_1-8W"
"resistor_00547.jpg","150R_1-8W"
"resistor_00548.jpg","150R_1-8W"
"resistor_00549.jpg","150R_1-8W"
"resistor_00550.jpg","150R_1-8W"
"resistor_00551.jpg","150R_1-8W"
"resistor_00552.jpg","15R_1-4W"
"resistor_00553.jpg","15R_1-4W"
"resistor_00554.jpg","15R_1-4W"
"resistor_00555.jpg","15R_1-4W"
"resistor_00556.jpg","15R_1-4W"
"resistor_00557.jpg","15R_1-4W"
"resistor_00558.jpg","15R_1-4W"
"resistor_00559.jpg","15R_1-4W"
"resistor_00560.jpg","15R_1-4W"
"resistor_00561.jpg","15R_1-4W"
"resistor_00562.jpg","15R_1-4W"
"resistor_00563.jpg","15R_1-4W"
"resistor_00564.jpg","15R_1-4W"
"resistor_00565.jpg","15R_1-4W"
"resistor_00566.jpg","15R_1-4W"
"resistor_00567.jpg","15R_1-4W"
"resistor_00568.jpg","15R_1-4W"
"resistor_00569.jpg","15R_1-4W"
"resistor_00570.jpg","15R_1-4W"
"resistor_00571.jpg","15R_1-4W"
"resistor_00572.jpg","15R_1-4W"
"resistor_00573.jpg","15R_1-4W"
"resistor_00574.jpg","15R_1-4W"
"resistor_00575.jpg","15R_1-4W"
"resistor_00576.jpg","15R_1-4W"
"resistor_00577.jpg","15R_1-4W"
"resistor_00578.jpg","15R_1-4W"
"resistor_00579.jpg","15R_1-4W"
"resistor_00580.jpg","15R_1-4W"
"resistor_00581.jpg","15R_1-4W"
"resistor_00582.jpg","15R_1-4W"
"resistor_00583.jpg","15R_1-4W"
"resistor_00584.jpg","15R_1-4W"
"resistor_00585.jpg","15R_1-4W"
"resistor_00586.jpg","15R_1-4W"
"resistor_00587.jpg","15R_1-4W"
"resistor_00588.jpg","15R_1-4W"
"resistor_00589.jpg","15R_1-4W"
"resistor_00590.jpg","15R_1-4W"
"resistor_00591.jpg","15R_1-4W"
"resistor_00592.jpg","15R_1-4W"
"resistor_00593.jpg","15R_1-4W"
"resistor_00594.jpg","15R_1-4W"
"resistor_00595.jpg","15R_1-4W"
"resistor_00596.jpg","15R_1-4W"
"resistor_00597.jpg","15R_1-4W"
"resistor_00598.jpg","15R_1-4W"
"resistor_00599.jpg","15R_1-4W"
"resistor_00600.jpg","15R_1-4W"
"resistor_00601.jpg","15R_1-4W"
"resistor_00602.jpg","15R_1-4W"
"resistor_00603.jpg","15R_1-4W"
"resistor_00604.jpg","15R_1-4W"
"resistor_00605.jpg","15R_1-4W"
"resistor_00606.jpg","15R_1-4W"
"resistor_00607.jpg","15R_1-4W"
"resistor_00608.jpg","15R_1-4W"
"resistor_00609.jpg","15R_1-4W"
"resistor_00610.jpg","15R_1-4W"
"resistor_00611.jpg","15R_1-4W"
"resistor_00612.jpg","15R_1-4W"
"resistor_00613.jpg","15R_1-4W"
"resistor_00614.jpg","15R_1-4W"
"resistor_00615.jpg","15R_1-4W"
"resistor_00616.jpg","15R_1-4W"
"resistor_00617.jpg","15R_1-4W"
"resistor_00618.jpg","15R_1-4W"
"resistor_00619.jpg","15R_1-4W"
"resistor_00620.jpg","15R_1-4W"
"resistor_00621.jpg","15R_1-4W"
"resistor_00622.jpg","15R_1-4W"
"resistor_00623.jpg","15R_1-4W"
"resistor_00624.jpg","15R_1-4W"
"resistor_00625.jpg","15R_1-4W"
"resistor_00626.jpg","15R_1-4W"
"resistor_00627.jpg","15R_1-4W"
"resistor_00628.jpg","15R_1-4W"
"resistor_00629.jpg","15R_1-4W"
"resistor_00630.jpg","15R_1-4W"
"resistor_00631.jpg","15R_1-4W"
"resistor_00632.jpg","15R_1-4W"
"resistor_00633.jpg","15R_1-4W"
"resistor_00634.jpg","15R_1-4W"
"resistor_00635.jpg","15R_1-4W"
"resistor_00636.jpg","15R_1-4W"
"resistor_00637.jpg","15R_1-4W"
"resistor_00638.jpg","15R_1-4W"
"resistor_00639.jpg","15R_1-4W"
"resistor_00640.jpg","15R_1-4W"
"resistor_00641.jpg","15R_1-4W"
"resistor_00642.jpg","15R_1-4W"
"resistor_00643.jpg","15R_1-4W"
"resistor_00644.jpg","15R_1-4W"
"resistor_00645.jpg","15R_1-4W"
"resistor_00646.jpg","15R_1-4W"
"resistor_00647.jpg","15R_1-4W"
"resistor_00648.jpg","15R_1-4W"
"resistor_00649.jpg","15R_1-4W"
"resistor_00650.jpg","15R_1-4W"
"resistor_00651.jpg","15R_1-4W"
"resistor_00652.jpg","15R_1-4W"
"resistor_00653.jpg","15R_1-4W"
"resistor_00654.jpg","15R_1-4W"
"resistor_00655.jpg","15R_1-4W"
"resistor_00656.jpg","15R_1-4W"
"resistor_00657.jpg","15R_1-4W"
"resistor_00658.jpg","15R_1-4W"
"resistor_00659.jpg","15R_1-4W"
"resistor_00660.jpg","15R_1-4W"
"resistor_00661.jpg","15R_1-4W"
"resistor_00662.jpg","15R_1-4W"
"resistor_00663.jpg","15R_1-4W"
"resistor_00664.jpg","15R_1-4W"
"resistor_00665.jpg","15R_1-4W"
"resistor_00666.jpg","15R_1-4W"
"resistor_00667.jpg","180K_1-2W"
"resistor_00668.jpg","180K_1-2W"
"resistor_00669.jpg","180K_1-2W"
"resistor_00670.jpg","180K_1-2W"
"resistor_00671.jpg","180K_1-2W"
"resistor_00672.jpg","180K_1-2W"
"resistor_00673.jpg","180K_1-2W"
"resistor_00674.jpg","180K_1-2W"
"resistor_00675.jpg","180K_1-2W"
"resistor_00676.jpg","180K_1-2W"
"resistor_00677.jpg","180K_1-2W"
"resistor_00678.jpg","180K_1-2W"
"resistor_00679.jpg","180K_1-2W"
"resistor_00680.jpg","180K_1-2W"
"resistor_00681.jpg","180K_1-2W"
"resistor_00682.jpg","180K_1-2W"
"resistor_00683.jpg","180K_1-2W"
"resistor_00684.jpg","180K_1-2W"
"resistor_00685.jpg","180K_1-2W"
"resistor_00686.jpg","180K_1-2W"
"resistor_00687.jpg","180K_1-2W"
"resistor_00688.jpg","180K_1-2W"
"resistor_00689.jpg","180K_1-2W"
"resistor_00690.jpg","180K_1-2W"
"resistor_00691.jpg","180K_1-2W"
"resistor_00692.jpg","180K_1-2W"
"resistor_00693.jpg","180K_1-2W"
"resistor_00694.jpg","180K_1-2W"
"resistor_00695.jpg","180K_1-2W"
"resistor_00696.jpg","180K_1-2W"
"resistor_00697.jpg","180K_1-2W"
"resistor_00698.jpg","180K_1-2W"
"resistor_00699.jpg","180K_1-2W"
"resistor_00700.jpg","180K_1-2W"
"resistor_00701.jpg","180K_1-2W"
"resistor_00702.jpg","180K_1-2W"
"resistor_00703.jpg","180K_1-2W"
"resistor_00704.jpg","180K_1-2W"
"resistor_00705.jpg","180K_1-2W"
"resistor_00706.jpg","180K_1-2W"
"resistor_00707.jpg","180K_1-2W"
"resistor_00708.jpg","180K_1-2W"
"resistor_00709.jpg","180K_1-2W"
"resistor_00710.jpg","180K_1-2W"
"resistor_00711.jpg","180K_1-2W"
"resistor_00712.jpg","180K_1-2W"
"resistor_00713.jpg","180K_1-2W"
"resistor_00714.jpg","180K_1-2W"
"resistor_00715.jpg","180K_1-2W"
"resistor_00716.jpg","180K_1-2W"
"resistor_00717.jpg","180K_1-2W"
"resistor_00718.jpg","180K_1-2W"
"resistor_00719.jpg","180K_1-2W"
"resistor_00720.jpg","180K_1-2W"
"resistor_00721.jpg","180K_1-2W"
"resistor_00722.jpg","180K_1-2W"
"resistor_00723.jpg","180K_1-2W"
"resistor_00724.jpg","180K_1-2W"
"resistor_00725.jpg","180K_1-2W"
"resistor_00726.jpg","180K_1-2W"
"resistor_00727.jpg","180K_1-2W"
"resistor_00728.jpg","180K_1-2W"
"resistor_00729.jpg","180K_1-2W"
"resistor_00730.jpg","180K_1-2W"
"resistor_00731.jpg","180K_1-2W"
"resistor_00732.jpg","180K_1-2W"
"resistor_00733.jpg","180K_1-2W"
"resistor_00734.jpg","180K_1-2W"
"resistor_00735.jpg","180K_1-2W"
"resistor_00736.jpg","180K_1-2W"
"resistor_00737.jpg","180K_1-2W"
"resistor_00738.jpg","180K_1-2W"
"resistor_00739.jpg","180K_1-2W"
"resistor_00740.jpg","180K_1-2W"
"resistor_00741.jpg","180K_1-2W"
"resistor_00742.jpg","180K_1-2W"
"resistor_00743.jpg","180K_1-2W"
"resistor_00744.jpg","180K_1-2W"
"resistor_00745.jpg","180K_1-2W"
"resistor_00746.jpg","180K_1-2W"
"resistor_00747.jpg","180K_1-2W"
"resistor_00748.jpg","180K_1-2W"
"resistor_00749.jpg","180K_1-2W"
"resistor_00750.jpg","180K_1-2W"
"resistor_00751.jpg","180K_1-2W"
"resistor_00752.jpg","180K_1-2W"
"resistor_00753.jpg","180K_1-2W"
"resistor_00754.jpg","180K_1-2W"
"resistor_00755.jpg","180K_1-2W"
"resistor_00756.jpg","180K_1-2W"
"resistor_00757.jpg","180K_1-2W"
"resistor_00758.jpg","180K_1-2W"
"resistor_00759.jpg","180K_1-2W"
"resistor_00760.jpg","180K_1-2W"
"resistor_00761.jpg","180K_1-2W"
"resistor_00762.jpg","180K_1-2W"
"resistor_00763.jpg","180K_1-2W"
"resistor_00764.jpg","1K_1-4W"
"resistor_00765.jpg","1K_1-4W"
"resistor_00766.jpg","1K_1-4W"
"resistor_00767.jpg","1K_1-4W"
"resistor_00768.jpg","1K_1-4W"
"resistor_00769.jpg","1K_1-4W"
"resistor_00770.jpg","1K_1-4W"
"resistor_00771.jpg","1K_1-4W"
"resistor_00772.jpg","1K_1-4W"
"resistor_00773.jpg","1K_1-4W"
"resistor_00774.jpg","1K_1-4W"
"resistor_00775.jpg","1K_1-4W"
"resistor_00776.jpg","1K_1-4W"
"resistor_00777.jpg","1K_1-4W"
"resistor_00778.jpg","1K_1-4W"
"resistor_00779.jpg","1K_1-4W"
"resistor_00780.jpg","1K_1-4W"
"resistor_00781.jpg","1K_1-4W"
"resistor_00782.jpg","1K_1-4W"
"resistor_00783.jpg","1K_1-4W"
"resistor_00784.jpg","1K_1-4W"
"resistor_00785.jpg","1K_1-4W"
"resistor_00786.jpg","1K_1-4W"
"resistor_00787.jpg","1K_1-4W"
"resistor_00788.jpg","1K_1-4W"
"resistor_00789.jpg","1K_1-4W"
"resistor_00790.jpg","1K_1-4W"
"resistor_00791.jpg","1K_1-4W"
"resistor_00792.jpg","1K_1-4W"
"resistor_00793.jpg","1K_1-4W"
"resistor_00794.jpg","1K_1-4W"
"resistor_00795.jpg","1K_1-4W"
"resistor_00796.jpg","1K_1-4W"
"resistor_00797.jpg","1K_1-4W"
"resistor_00798.jpg","1K_1-4W"
"resistor_00799.jpg","1K_1-4W"
"resistor_00800.jpg","1K_1-4W"
"resistor_00801.jpg","1K_1-4W"
"resistor_00802.jpg","1K_1-4W"
"resistor_00803.jpg","1K_1-4W"
"resistor_00804.jpg","1K_1-4W"
"resistor_00805.jpg","1K_1-4W"
"resistor_00806.jpg","1K_1-4W"
"resistor_00807.jpg","1K_1-4W"
"resistor_00808.jpg","1K_1-4W"
"resistor_00809.jpg","1K_1-4W"
"resistor_00810.jpg","1K_1-4W"
"resistor_00811.jpg","1K_1-4W"
"resistor_00812.jpg","1K_1-4W"
"resistor_00813.jpg","1K_1-4W"
"resistor_00814.jpg","1K_1-4W"
"resistor_00815.jpg","1K_1-4W"
"resistor_00816.jpg","1K_1-4W"
"resistor_00817.jpg","1K_1-4W"
"resistor_00818.jpg","1K_1-4W"
"resistor_00819.jpg","1K_1-4W"
"resistor_00820.jpg","1K_1-4W"
"resistor_00821.jpg","1K_1-4W"
"resistor_00822.jpg","1K_1-4W"
"resistor_00823.jpg","1K_1-4W"
"resistor_00824.jpg","1K_1-4W"
"resistor_00825.jpg","1K_1-4W"
"resistor_00826.jpg","1K_1-4W"
"resistor_00827.jpg","1K_1-4W"
"resistor_00828.jpg","1K_1-4W"
"resistor_00829.jpg","1K_1-4W"
"resistor_00830.jpg","1K_1-4W"
"resistor_00831.jpg","1K_1-4W"
"resistor_00832.jpg","1K_1-4W"
"resistor_00833.jpg","1K_1-4W"
"resistor_00834.jpg","1K_1-4W"
"resistor_00835.jpg","1K_1-4W"
"resistor_00836.jpg","1K_1-4W"
"resistor_00837.jpg","1K_1-4W"
"resistor_00838.jpg","1K_1-4W"
"resistor_00839.jpg","1K_1-4W"
"resistor_00840.jpg","1K_1-4W"
"resistor_00841.jpg","1K_1-4W"
"resistor_00842.jpg","1K_1-4W"
"resistor_00843.jpg","1K_1-4W"
"resistor_00844.jpg","1K_1-4W"
"resistor_00845.jpg","1K_2W"
"resistor_00846.jpg","1K_2W"
"resistor_00847.jpg","1K_2W"
"resistor_00848.jpg","1K_2W"
"resistor_00849.jpg","1K_2W"
"resistor_00850.jpg","1K_2W"
"resistor_00851.jpg","1K_2W"
"resistor_00852.jpg","1K_2W"
"resistor_00853.jpg","1K_2W"
"resistor_00854.jpg","1K_2W"
"resistor_00855.jpg","1K_2W"
"resistor_00856.jpg","1K_2W"
"resistor_00857.jpg","1K_2W"
"resistor_00858.jpg","1K_2W"
"resistor_00859.jpg","1K_2W"
"resistor_00860.jpg","1K_2W"
"resistor_00861.jpg","1K_2W"
"resistor_00862.jpg","1K_2W"
"resistor_00863.jpg","1K_2W"
"resistor_00864.jpg","1K_2W"
"resistor_00865.jpg","1K_2W"
"resistor_00866.jpg","1K_2W"
"resistor_00867.jpg","1K_2W"
"resistor_00868.jpg","1K_2W"
"resistor_00869.jpg","1K_2W"
"resistor_00870.jpg","1K_2W"
"resistor_00871.jpg","1K_2W"
"resistor_00872.jpg","1K_2W"
"resistor_00873.jpg","1K_2W"
"resistor_00874.jpg","1K_2W"
"resistor_00875.jpg","1K_2W"
"resistor_00876.jpg","1K_2W"
"resistor_00877.jpg","1K_2W"
"resistor_00878.jpg","1K_2W"
"resistor_00879.jpg","1K_2W"
"resistor_00880.jpg","1K_2W"
"resistor_00881.jpg","1K_2W"
"resistor_00882.jpg","1K_2W"
"resistor_00883.jpg","1K_2W"
"resistor_00884.jpg","1K_2W"
"resistor_00885.jpg","1K_2W"
"resistor_00886.jpg","1K_2W"
"resistor_00887.jpg","1K_2W"
"resistor_00888.jpg","1K_2W"
"resistor_00889.jpg","1K_2W"
"resistor_00890.jpg","1K_2W"
"resistor_00891.jpg","1K_2W"
"resistor_00892.jpg","1K_2W"
"resistor_00893.jpg","1K_2W"
"resistor_00894.jpg","1K_2W"
"resistor_00895.jpg","1K_2W"
"resistor_00896.jpg","1K_2W"
"resistor_00897.jpg","1K_2W"
"resistor_00898.jpg","1K_2W"
"resistor_00899.jpg","1K_2W"
"resistor_00900.jpg","1K_2W"
"resistor_00901.jpg","1K_2W"
"resistor_00902.jpg","1K_2W"
"resistor_00903.jpg","1K_2W"
"resistor_00904.jpg","1K_2W"
"resistor_00905.jpg","1K_2W"
"resistor_00906.jpg","1K_2W"
"resistor_00907.jpg","1K_2W"
"resistor_00908.jpg","1M_1-4W"
"resistor_00909.jpg","1M_1-4W"
"resistor_00910.jpg","1M_1-4W"
"resistor_00911.jpg","1M_1-4W"
"resistor_00912.jpg","1M_1-4W"
"resistor_00913.jpg","1M_1-4W"
"resistor_00914.jpg","1M_1-4W"
"resistor_00915.jpg","1M_1-4W"
"resistor_00916.jpg","1M_1-4W"
"resistor_00917.jpg","1M_1-4W"
"resistor_00918.jpg","1M_1-4W"
"resistor_00919.jpg","1M_1-4W"
"resistor_00920.jpg","1M_1-4W"
"resistor_00921.jpg","1M_1-4W"
"resistor_00922.jpg","1M_1-4W"
"resistor_00923.jpg","1M_1-4W"
"resistor_00924.jpg","1M_1-4W"
"resistor_00925.jpg","1M_1-4W"
"resistor_00926.jpg","1M_1-4W"
"resistor_00927.jpg","1M_1-4W"
"resistor_00928.jpg","1M_1-4W"
"resistor_00929.jpg","1M_1-4W"
"resistor_00930.jpg","1M_1-4W"
"resistor_00931.jpg","1M_1-4W"
"resistor_00932.jpg","1M_1-4W"
"resistor_00933.jpg","1M_1-4W"
"resistor_00934.jpg","1M_1-4W"
"resistor_00935.jpg","1M_1-4W"
"resistor_00936.jpg","1M_1-4W"
"resistor_00937.jpg","1M_1-4W"
"resistor_00938.jpg","1M_1-4W"
"resistor_00939.jpg","1M_1-4W"
"resistor_00940.jpg","1M_1-4W"
"resistor_00941.jpg","1M_1-4W"
"resistor_00942.jpg","1M_1-4W"
"resistor_00943.jpg","1M_1-4W"
"resistor_00944.jpg","1M_1-4W"
"resistor_00945.jpg","1M_1-4W"
"resistor_00946.jpg","1M_1-4W"
"resistor_00947.jpg","1M_1-4W"
"resistor_00948.jpg","1M_1-4W"
"resistor_00949.jpg","1M_1-4W"
"resistor_00950.jpg","1M_1-4W"
"resistor_00951.jpg","1M_1-4W"
"resistor_00952.jpg","1M_1-4W"
"resistor_00953.jpg","1M_1-4W"
"resistor_00954.jpg","1M_1-4W"
"resistor_00955.jpg","1M_1-4W"
"resistor_00956.jpg","1M_1-4W"
"resistor_00957.jpg","1M_1-4W"
"resistor_00958.jpg","1M_1-4W"
"resistor_00959.jpg","1M_1-4W"
"resistor_00960.jpg","1M_1-4W"
"resistor_00961.jpg","1M_1-4W"
"resistor_00962.jpg","1M_1-4W"
"resistor_00963.jpg","1M_1-4W"
"resistor_00964.jpg","1M_1-4W"
"resistor_00965.jpg","1M_1-4W"
"resistor_00966.jpg","1M_1-4W"
"resistor_00967.jpg","1M_1-4W"
"resistor_00968.jpg","1M_1-4W"
"resistor_00969.jpg","20K_1-4W"
"resistor_00970.jpg","20K_1-4W"
"resistor_00971.jpg","20K_1-4W"
"resistor_00972.jpg","20K_1-4W"
"resistor_00973.jpg","20K_1-4W"
"resistor_00974.jpg","20K_1-4W"
"resistor_00975.jpg","20K_1-4W"
"resistor_00976.jpg","20K_1-4W"
"resistor_00977.jpg","20K_1-4W"
"resistor_00978.jpg","20K_1-4W"
"resistor_00979.jpg","20K_1-4W"
"resistor_00980.jpg","20K_1-4W"
"resistor_00981.jpg","20K_1-4W"
"resistor_00982.jpg","20K_1-4W"
"resistor_00983.jpg","20K_1-4W"
"resistor_00984.jpg","20K_1-4W"
"resistor_00985.jpg","20K_1-4W"
"resistor_00986.jpg","20K_1-4W"
"resistor_00987.jpg","20K_1-4W"
"resistor_00988.jpg","20K_1-4W"
"resistor_00989.jpg","20K_1-4W"
"resistor_00990.jpg","20K_1-4W"
"resistor_00991.jpg","20K_1-4W"
"resistor_00992.jpg","20K_1-4W"
"resistor_00993.jpg","20K_1-4W"
"resistor_00994.jpg","20K_1-4W"
"resistor_00995.jpg","20K_1-4W"
"resistor_00996.jpg","20K_1-4W"
"resistor_00997.jpg","20K_1-4W"
"resistor_00998.jpg","20K_1-4W"
"resistor_00999.jpg","20K_1-4W"
"resistor_01000.jpg","20K_1-4W"
"resistor_01001.jpg","20K_1-4W"
"resistor_01002.jpg","20K_1-4W"
"resistor_01003.jpg","20K_1-4W"
"resistor_01004.jpg","20K_1-4W"
"resistor_01005.jpg","20K_1-4W"
"resistor_01006.jpg","20K_1-4W"
"resistor_01007.jpg","20K_1-4W"
"resistor_01008.jpg","20K_1-4W"
"resistor_01009.jpg","20K_1-4W"
"resistor_01010.jpg","20K_1-4W"
"resistor_01011.jpg","20K_1-4W"
"resistor_01012.jpg","20K_1-4W"
"resistor_01013.jpg","20K_1-4W"
"resistor_01014.jpg","20K_1-4W"
"resistor_01015.jpg","20K_1-4W"
"resistor_01016.jpg","20K_1-4W"
"resistor_01017.jpg","20K_1-4W"
"resistor_01018.jpg","20K_1-4W"
"resistor_01019.jpg","20K_1-4W"
"resistor_01020.jpg","20K_1-4W"
"resistor_01021.jpg","20K_1-4W"
"resistor_01022.jpg","20K_1-4W"
"resistor_01023.jpg","20K_1-4W"
"resistor_01024.jpg","20K_1-4W"
"resistor_01025.jpg","20K_1-4W"
"resistor_01026.jpg","220K_1-4W"
"resistor_01027.jpg","220K_1-4W"
"resistor_01028.jpg","220K_1-4W"
"resistor_01029.jpg","220K_1-4W"
"resistor_01030.jpg","220K_1-4W"
"resistor_01031.jpg","220K_1-4W"
"resistor_01032.jpg","220K_1-4W"
"resistor_01033.jpg","220K_1-4W"
"resistor_01034.jpg","220K_1-4W"
"resistor_01035.jpg","220K_1-4W"
"resistor_01036.jpg","220K_1-4W"
"resistor_01037.jpg","220K_1-4W"
"resistor_01038.jpg","220K_1-4W"
"resistor_01039.jpg","220K_1-4W"
"resistor_01040.jpg","220K_1-4W"
"resistor_01041.jpg","220K_1-4W"
"resistor_01042.jpg","220K_1-4W"
"resistor_01043.jpg","220K_1-4W"
"resistor_01044.jpg","220K_1-4W"
"resistor_01045.jpg","220K_1-4W"
"resistor_01046.jpg","220K_1-4W"
"resistor_01047.jpg","220K_1-4W"
"resistor_01048.jpg","220K_1-4W"
"resistor_01049.jpg","220K_1-4W"
"resistor_01050.jpg","220K_1-4W"
"resistor_01051.jpg","220K_1-4W"
"resistor_01052.jpg","220K_1-4W"
"resistor_01053.jpg","220K_1-4W"
"resistor_01054.jpg","220K_1-4W"
"resistor_01055.jpg","220K_1-4W"
"resistor_01056.jpg","220K_1-4W"
"resistor_01057.jpg","220K_1-4W"
"resistor_01058.jpg","220K_1-4W"
"resistor_01059.jpg","220K_1-4W"
"resistor_01060.jpg","220K_1-4W"
"resistor_01061.jpg","220K_1-4W"
"resistor_01062.jpg","220K_1-4W"
"resistor_01063.jpg","220K_1-4W"
"resistor_01064.jpg","220K_1-4W"
"resistor_01065.jpg","220K_1-4W"
"resistor_01066.jpg","220K_1-4W"
"resistor_01067.jpg","220K_1-4W"
"resistor_01068.jpg","220K_1-4W"
"resistor_01069.jpg","220K_1-4W"
"resistor_01070.jpg","220K_1-4W"
"resistor_01071.jpg","220K_1-4W"
"resistor_01072.jpg","220K_1-4W"
"resistor_01073.jpg","220R_2W"
"resistor_01074.jpg","220R_2W"
"resistor_01075.jpg","220R_2W"
"resistor_01076.jpg","220R_2W"
"resistor_01077.jpg","220R_2W"
"resistor_01078.jpg","220R_2W"
"resistor_01079.jpg","220R_2W"
"resistor_01080.jpg","220R_2W"
"resistor_01081.jpg","220R_2W"
"resistor_01082.jpg","220R_2W"
"resistor_01083.jpg","220R_2W"
"resistor_01084.jpg","220R_2W"
"resistor_01085.jpg","220R_2W"
"resistor_01086.jpg","220R_2W"
"resistor_01087.jpg","220R_2W"
"resistor_01088.jpg","220R_2W"
"resistor_01089.jpg","220R_2W"
"resistor_01090.jpg","220R_2W"
"resistor_01091.jpg","220R_2W"
"resistor_01092.jpg","220R_2W"
"resistor_01093.jpg","220R_2W"
"resistor_01094.jpg","220R_2W"
"resistor_01095.jpg","220R_2W"
"resistor_01096.jpg","220R_2W"
"resistor_01097.jpg","220R_2W"
"resistor_01098.jpg","220R_2W"
"resistor_01099.jpg","220R_2W"
"resistor_01100.jpg","220R_2W"
"resistor_01101.jpg","220R_2W"
"resistor_01102.jpg","220R_2W"
"resistor_01103.jpg","220R_2W"
"resistor_01104.jpg","220R_2W"
"resistor_01105.jpg","220R_2W"
"resistor_01106.jpg","220R_2W"
"resistor_01107.jpg","220R_2W"
"resistor_01108.jpg","220R_2W"
"resistor_01109.jpg","220R_2W"
"resistor_01110.jpg","220R_2W"
"resistor_01111.jpg","220R_2W"
"resistor_01112.jpg","220R_2W"
"resistor_01113.jpg","220R_2W"
"resistor_01114.jpg","220R_2W"
"resistor_01115.jpg","220R_2W"
"resistor_01116.jpg","220R_2W"
"resistor_01117.jpg","220R_2W"
"resistor_01118.jpg","220R_2W"
"resistor_01119.jpg","220R_2W"
"resistor_01120.jpg","220R_2W"
"resistor_01121.jpg","220R_2W"
"resistor_01122.jpg","220R_2W"
"resistor_01123.jpg","220R_2W"
"resistor_01124.jpg","220R_2W"
"resistor_01125.jpg","220R_2W"
"resistor_01126.jpg","220R_2W"
"resistor_01127.jpg","220R_2W"
"resistor_01128.jpg","220R_2W"
"resistor_01129.jpg","220R_2W"
"resistor_01130.jpg","220R_2W"
"resistor_01131.jpg","220R_2W"
"resistor_01132.jpg","220R_2W"
"resistor_01133.jpg","220R_2W"
"resistor_01134.jpg","220R_2W"
"resistor_01135.jpg","220R_2W"
"resistor_01136.jpg","220R_2W"
"resistor_01137.jpg","220R_2W"
"resistor_01138.jpg","220R_2W"
"resistor_01139.jpg","220R_2W"
"resistor_01140.jpg","220R_2W"
"resistor_01141.jpg","220R_2W"
"resistor_01142.jpg","220R_2W"
"resistor_01143.jpg","220R_2W"
"resistor_01144.jpg","220R_2W"
"resistor_01145.jpg","220R_2W"
"resistor_01146.jpg","220R_2W"
"resistor_01147.jpg","220R_2W"
"resistor_01148.jpg","220R_2W"
"resistor_01149.jpg","220R_2W"
"resistor_01150.jpg","220R_2W"
"resistor_01151.jpg","220R_2W"
"resistor_01152.jpg","220R_2W"
"resistor_01153.jpg","220R_2W"
"resistor_01154.jpg","220R_2W"
"resistor_01155.jpg","220R_2W"
"resistor_01156.jpg","220R_2W"
"resistor_01157.jpg","220R_2W"
"resistor_01158.jpg","220R_2W"
"resistor_01159.jpg","220R_2W"
"resistor_01160.jpg","220R_2W"
"resistor_01161.jpg","220R_2W"
"resistor_01162.jpg","220R_2W"
"resistor_01163.jpg","220R_2W"
"resistor_01164.jpg","220R_2W"
"resistor_01165.jpg","220R_2W"
"resistor_01166.jpg","22R_1-4W"
"resistor_01167.jpg","22R_1-4W"
"resistor_01168.jpg","22R_1-4W"
"resistor_01169.jpg","22R_1-4W"
"resistor_01170.jpg","22R_1-4W"
"resistor_01171.jpg","22R_1-4W"
"resistor_01172.jpg","22R_1-4W"
"resistor_01173.jpg","22R_1-4W"
"resistor_01174.jpg","22R_1-4W"
"resistor_01175.jpg","22R_1-4W"
"resistor_01176.jpg","22R_1-4W"
"resistor_01177.jpg","22R_1-4W"
"resistor_01178.jpg","22R_1-4W"
"resistor_01179.jpg","22R_1-4W"
"resistor_01180.jpg","22R_1-4W"
"resistor_01181.jpg","22R_1-4W"
"resistor_01182.jpg","22R_1-4W"
"resistor_01183.jpg","22R_1-4W"
"resistor_01184.jpg","22R_1-4W"
"resistor_01185.jpg","22R_1-4W"
"resistor_01186.jpg","22R_1-4W"
"resistor_01187.jpg","22R_1-4W"
"resistor_01188.jpg","22R_1-4W"
"resistor_01189.jpg","22R_1-4W"
"resistor_01190.jpg","22R_1-4W"
"resistor_01191.jpg","22R_1-4W"
"resistor_01192.jpg","22R_1-4W"
"resistor_01193.jpg","22R_1-4W"
"resistor_01194.jpg","22R_1-4W"
"resistor_01195.jpg","22R_1-4W"
"resistor_01196.jpg","22R_1-4W"
"resistor_01197.jpg","22R_1-4W"
"resistor_01198.jpg","22R_1-4W"
"resistor_01199.jpg","24K_1-2W"
"resistor_01200.jpg","24K_1-2W"
"resistor_01201.jpg","24K_1-2W"
"resistor_01202.jpg","24K_1-2W"
"resistor_01203.jpg","24K_1-2W"
"resistor_01204.jpg","24K_1-2W"
"resistor_01205.jpg","24K_1-2W"
"resistor_01206.jpg","24K_1-2W"
"resistor_01207.jpg","24K_1-2W"
"resistor_01208.jpg","24K_1-2W"
"resistor_01209.jpg","24K_1-2W"
"resistor_01210.jpg","24K_1-2W"
"resistor_01211.jpg","24K_1-2W"
"resistor_01212.jpg","24K_1-2W"
"resistor_01213.jpg","24K_1-2W"
"resistor_01214.jpg","24K_1-2W"
"resistor_01215.jpg","24K_1-2W"
"resistor_01216.jpg","24K_1-2W"
"resistor_01217.jpg","24K_1-2W"
"resistor_01218.jpg","24K_1-2W"
"resistor_01219.jpg","24K_1-2W"
"resistor_01220.jpg","24K_1-2W"
"resistor_01221.jpg","24K_1-2W"
"resistor_01222.jpg","24K_1-2W"
"resistor_01223.jpg","24K_1-2W"
"resistor_01224.jpg","24K_1-2W"
"resistor_01225.jpg","24K_1-2W"
"resistor_01226.jpg","24K_1-2W"
"resistor_01227.jpg","24K_1-2W"
"resistor_01228.jpg","24K_1-2W"
"resistor_01229.jpg","24K_1-2W"
"resistor_01230.jpg","24K_1-2W"
"resistor_01231.jpg","24K_1-2W"
"resistor_01232.jpg","24K_1-2W"
"resistor_01233.jpg","24K_1-2W"
"resistor_01234.jpg","24K_1-2W"
"resistor_01235.jpg","24K_1-2W"
"resistor_01236.jpg","24K_1-2W"
"resistor_01237.jpg","24K_1-2W"
"resistor_01238.jpg","24K_1-2W"
"resistor_01239.jpg","24K_1-2W"
"resistor_01240.jpg","24K_1-2W"
"resistor_01241.jpg","24K_1-2W"
"resistor_01242.jpg","24K_1-2W"
"resistor_01243.jpg","24K_1-2W"
"resistor_01244.jpg","24K_1-2W"
"resistor_01245.jpg","24K_1-2W"
"resistor_01246.jpg","24K_1-2W"
"resistor_01247.jpg","24K_1-2W"
"resistor_01248.jpg","24K_1-2W"
"resistor_01249.jpg","24K_1-2W"
"resistor_01250.jpg","24K_1-2W"
"resistor_01251.jpg","24K_1-2W"
"resistor_01252.jpg","24K_1-2W"
"resistor_01253.jpg","24K_1-2W"
"resistor_01254.jpg","24K_1-2W"
"resistor_01255.jpg","24K_1-2W"
"resistor_01256.jpg","24K_1-2W"
"resistor_01257.jpg","24K_1-2W"
"resistor_01258.jpg","24K_1-2W"
"resistor_01259.jpg","24K_1-2W"
"resistor_01260.jpg","24K_1-2W"
"resistor_01261.jpg","24K_1-2W"
"resistor_01262.jpg","24K_1-2W"
"resistor_01263.jpg","24K_1-2W"
"resistor_01264.jpg","24K_1-2W"
"resistor_01265.jpg","24K_1-2W"
"resistor_01266.jpg","24K_1-2W"
"resistor_01267.jpg","24K_1-2W"
"resistor_01268.jpg","24K_1-2W"
"resistor_01269.jpg","24K_1-2W"
"resistor_01270.jpg","24K_1-2W"
"resistor_01271.jpg","24K_1-2W"
"resistor_01272.jpg","24K_1-2W"
"resistor_01273.jpg","24K_1-2W"
"resistor_01274.jpg","24K_1-2W"
"resistor_01275.jpg","24K_1-2W"
"resistor_01276.jpg","24K_1-2W"
"resistor_01277.jpg","24K_1-2W"
"resistor_01278.jpg","24K_1-2W"
"resistor_01279.jpg","24K_1-2W"
"resistor_01280.jpg","24K_1-2W"
"resistor_01281.jpg","24K_1-2W"
"resistor_01282.jpg","24K_1-2W"
"resistor_01283.jpg","24K_1-2W"
"resistor_01284.jpg","24K_1-2W"
"resistor_01285.jpg","24K_1-2W"
"resistor_01286.jpg","24K_1-2W"
"resistor_01287.jpg","24K_1-2W"
"resistor_01288.jpg","270K_1-4W"
"resistor_01289.jpg","270K_1-4W"
"resistor_01290.jpg","270K_1-4W"
"resistor_01291.jpg","270K_1-4W"
"resistor_01292.jpg","270K_1-4W"
"resistor_01293.jpg","270K_1-4W"
"resistor_01294.jpg","270K_1-4W"
"resistor_01295.jpg","270K_1-4W"
"resistor_01296.jpg","270K_1-4W"
"resistor_01297.jpg","270K_1-4W"
"resistor_01298.jpg","270K_1-4W"
"resistor_01299.jpg","270K_1-4W"
"resistor_01300.jpg","270K_1-4W"
"resistor_01301.jpg","270K_1-4W"
"resistor_01302.jpg","270K_1-4W"
"resistor_01303.jpg","270K_1-4W"
"resistor_01304.jpg","270K_1-4W"
"resistor_01305.jpg","270K_1-4W"
"resistor_01306.jpg","270K_1-4W"
"resistor_01307.jpg","270K_1-4W"
"resistor_01308.jpg","270K_1-4W"
"resistor_01309.jpg","270K_1-4W"
"resistor_01310.jpg","270K_1-4W"
"resistor_01311.jpg","270K_1-4W"
"resistor_01312.jpg","270K_1-4W"
"resistor_01313.jpg","270K_1-4W"
"resistor_01314.jpg","270K_1-4W"
"resistor_01315.jpg","270K_1-4W"
"resistor_01316.jpg","270K_1-4W"
"resistor_01317.jpg","270K_1-4W"
"resistor_01318.jpg","270K_1-4W"
"resistor_01319.jpg","270K_1-4W"
"resistor_01320.jpg","270K_1-4W"
"resistor_01321.jpg","270K_1-4W"
"resistor_01322.jpg","270K_1-4W"
"resistor_01323.jpg","270K_1-4W"
"resistor_01324.jpg","270K_1-4W"
"resistor_01325.jpg","270K_1-4W"
"resistor_01326.jpg","270K_1-4W"
"resistor_01327.jpg","270K_1-4W"
"resistor_01328.jpg","270K_1-4W"
"resistor_01329.jpg","270K_1-4W"
"resistor_01330.jpg","270K_1-4W"
"resistor_01331.jpg","270K_1-4W"
"resistor_01332.jpg","270K_1-4W"
"resistor_01333.jpg","270K_1-4W"
"resistor_01334.jpg","270K_1-4W"
"resistor_01335.jpg","270K_1-4W"
"resistor_01336.jpg","270K_1-4W"
"resistor_01337.jpg","270K_1-4W"
"resistor_01338.jpg","270K_1-4W"
"resistor_01339.jpg","270K_1-4W"
"resistor_01340.jpg","270K_1-4W"
"resistor_01341.jpg","270K_1-4W"
"resistor_01342.jpg","270K_1-4W"
"resistor_01343.jpg","270K_1-4W"
"resistor_01344.jpg","270K_1-4W"
"resistor_01345.jpg","270K_1-4W"
"resistor_01346.jpg","270K_1-4W"
"resistor_01347.jpg","270K_1-4W"
"resistor_01348.jpg","270K_1-4W"
"resistor_01349.jpg","270K_1-4W"
"resistor_01350.jpg","270K_1-4W"
"resistor_01351.jpg","270K_1-4W"
"resistor_01352.jpg","270K_1-4W"
"resistor_01353.jpg","270K_1-4W"
"resistor_01354.jpg","270K_1-4W"
"resistor_01355.jpg","270K_1-4W"
"resistor_01356.jpg","270K_1-4W"
"resistor_01357.jpg","270K_1-4W"
"resistor_01358.jpg","270K_1-4W"
"resistor_01359.jpg","270K_1-4W"
"resistor_01360.jpg","270K_1-4W"
"resistor_01361.jpg","270K_1-4W"
"resistor_01362.jpg","27R_1W"
"resistor_01363.jpg","27R_1W"
"resistor_01364.jpg","27R_1W"
"resistor_01365.jpg","27R_1W"
"resistor_01366.jpg","27R_1W"
"resistor_01367.jpg","27R_1W"
"resistor_01368.jpg","27R_1W"
"resistor_01369.jpg","27R_1W"
"resistor_01370.jpg","27R_1W"
"resistor_01371.jpg","27R_1W"
"resistor_01372.jpg","27R_1W"
"resistor_01373.jpg","27R_1W"
"resistor_01374.jpg","27R_1W"
"resistor_01375.jpg","27R_1W"
"resistor_01376.jpg","27R_1W"
"resistor_01377.jpg","27R_1W"
"resistor_01378.jpg","27R_1W"
"resistor_01379.jpg","27R_1W"
"resistor_01380.jpg","27R_1W"
"resistor_01381.jpg","27R_1W"
"resistor_01382.jpg","27R_1W"
"resistor_01383.jpg","27R_1W"
"resistor_01384.jpg","27R_1W"
"resistor_01385.jpg","27R_1W"
"resistor_01386.jpg","27R_1W"
"resistor_01387.jpg","27R_1W"
"resistor_01388.jpg","27R_1W"
"resistor_01389.jpg","27R_1W"
"resistor_01390.jpg","27R_1W"
"resistor_01391.jpg","27R_1W"
"resistor_01392.jpg","27R_1W"
"resistor_01393.jpg","27R_1W"
"resistor_01394.jpg","27R_1W"
"resistor_01395.jpg","27R_1W"
"resistor_01396.jpg","27R_1W"
"resistor_01397.jpg","27R_1W"
"resistor_01398.jpg","27R_1W"
"resistor_01399.jpg","27R_1W"
"resistor_01400.jpg","27R_1W"
"resistor_01401.jpg","27R_1W"
"resistor_01402.jpg","27R_1W"
"resistor_01403.jpg","27R_1W"
"resistor_01404.jpg","27R_1W"
"resistor_01405.jpg","27R_1W"
"resistor_01406.jpg","27R_1W"
"resistor_01407.jpg","27R_1W"
"resistor_01408.jpg","27R_1W"
"resistor_01409.jpg","27R_1W"
"resistor_01410.jpg","27R_1W"
"resistor_01411.jpg","27R_1W"
"resistor_01412.jpg","27R_1W"
"resistor_01413.jpg","27R_1W"
"resistor_01414.jpg","27R_1W"
"resistor_01415.jpg","27R_1W"
"resistor_01416.jpg","27R_1W"
"resistor_01417.jpg","2K2_1-4W"
"resistor_01418.jpg","2K2_1-4W"
"resistor_01419.jpg","2K2_1-4W"
"resistor_01420.jpg","2K2_1-4W"
"resistor_01421.jpg","2K2_1-4W"
"resistor_01422.jpg","2K2_1-4W"
"resistor_01423.jpg","2K2_1-4W"
"resistor_01424.jpg","2K2_1-4W"
"resistor_01425.jpg","2K2_1-4W"
"resistor_01426.jpg","2K2_1-4W"
"resistor_01427.jpg","2K2_1-4W"
"resistor_01428.jpg","2K2_1-4W"
"resistor_01429.jpg","2K2_1-4W"
"resistor_01430.jpg","2K2_1-4W"
"resistor_01431.jpg","2K2_1-4W"
"resistor_01432.jpg","2K2_1-4W"
"resistor_01433.jpg","2K2_1-4W"
"resistor_01434.jpg","2K2_1-4W"
"resistor_01435.jpg","2K2_1-4W"
"resistor_01436.jpg","2K2_1-4W"
"resistor_01437.jpg","2K2_1-4W"
"resistor_01438.jpg","2K2_1-4W"
"resistor_01439.jpg","2K2_1-4W"
"resistor_01440.jpg","2K2_1-4W"
"resistor_01441.jpg","2K2_1-4W"
"resistor_01442.jpg","2K2_1-4W"
"resistor_01443.jpg","2K2_1-4W"
"resistor_01444.jpg","2K2_1-4W"
"resistor_01445.jpg","2K2_1-4W"
"resistor_01446.jpg","2K2_1-4W"
"resistor_01447.jpg","2K2_1-4W"
"resistor_01448.jpg","2K2_1-4W"
"resistor_01449.jpg","2K2_1-4W"
"resistor_01450.jpg","2K2_1-4W"
"resistor_01451.jpg","2K2_1-4W"
"resistor_01452.jpg","2K2_1-4W"
"resistor_01453.jpg","2K2_1-4W"
"resistor_01454.jpg","2K2_1-4W"
"resistor_01455.jpg","2K2_1-4W"
"resistor_01456.jpg","2K2_1-4W"
"resistor_01457.jpg","2K2_1-4W"
"resistor_01458.jpg","2K2_1-4W"
"resistor_01459.jpg","2K2_1-4W"
"resistor_01460.jpg","2K2_1-4W"
"resistor_01461.jpg","2K2_1-4W"
"resistor_01462.jpg","2K2_1-4W"
"resistor_01463.jpg","2K2_1-4W"
"resistor_01464.jpg","2K2_1-4W"
"resistor_01465.jpg","2K2_1-4W"
"resistor_01466.jpg","2K2_1-4W"
"resistor_01467.jpg","2K2_1-4W"
"resistor_01468.jpg","2K2_1-4W"
"resistor_01469.jpg","2K2_1-4W"
"resistor_01470.jpg","2K2_1-4W"
"resistor_01471.jpg","2K2_1-4W"
"resistor_01472.jpg","2K2_1-4W"
"resistor_01473.jpg","2K2_1-4W"
"resistor_01474.jpg","2K2_1-4W"
"resistor_01475.jpg","2K2_1-4W"
"resistor_01476.jpg","2K2_1-4W"
"resistor_01477.jpg","2K2_1-4W"
"resistor_01478.jpg","2K2_1-4W"
"resistor_01479.jpg","2R_1W"
"resistor_01480.jpg","2R_1W"
"resistor_01481.jpg","2R_1W"
"resistor_01482.jpg","2R_1W"
"resistor_01483.jpg","2R_1W"
"resistor_01484.jpg","2R_1W"
"resistor_01485.jpg","2R_1W"
"resistor_01486.jpg","2R_1W"
"resistor_01487.jpg","2R_1W"
"resistor_01488.jpg","2R_1W"
"resistor_01489.jpg","2R_1W"
"resistor_01490.jpg","2R_1W"
"resistor_01491.jpg","2R_1W"
"resistor_01492.jpg","2R_1W"
"resistor_01493.jpg","2R_1W"
"resistor_01494.jpg","2R_1W"
"resistor_01495.jpg","2R_1W"
"resistor_01496.jpg","2R_1W"
"resistor_01497.jpg","2R_1W"
"resistor_01498.jpg","2R_1W"
"resistor_01499.jpg","2R_1W"
"resistor_01500.jpg","2R_1W"
"resistor_01501.jpg","2R_1W"
"resistor_01502.jpg","2R_1W"
"resistor_01503.jpg","2R_1W"
"resistor_01504.jpg","2R_1W"
"resistor_01505.jpg","2R_1W"
"resistor_01506.jpg","2R_1W"
"resistor_01507.jpg","330R_1-4W"
"resistor_01508.jpg","330R_1-4W"
"resistor_01509.jpg","330R_1-4W"
"resistor_01510.jpg","330R_1-4W"
"resistor_01511.jpg","330R_1-4W"
"resistor_01512.jpg","330R_1-4W"
"resistor_01513.jpg","330R_1-4W"
"resistor_01514.jpg","330R_1-4W"
"resistor_01515.jpg","330R_1-4W"
"resistor_01516.jpg","330R_1-4W"
"resistor_01517.jpg","330R_1-4W"
"resistor_01518.jpg","330R_1-4W"
"resistor_01519.jpg","330R_1-4W"
"resistor_01520.jpg","330R_1-4W"
"resistor_01521.jpg","330R_1-4W"
"resistor_01522.jpg","330R_1-4W"
"resistor_01523.jpg","330R_1-4W"
"resistor_01524.jpg","330R_1-4W"
"resistor_01525.jpg","330R_1-4W"
"resistor_01526.jpg","330R_1-4W"
"resistor_01527.jpg","330R_1-4W"
"resistor_01528.jpg","330R_1-4W"
"resistor_01529.jpg","330R_1-4W"
"resistor_01530.jpg","330R_1-4W"
"resistor_01531.jpg","330R_1-4W"
"resistor_01532.jpg","330R_1-4W"
"resistor_01533.jpg","330R_1-4W"
"resistor_01534.jpg","330R_1-4W"
"resistor_01535.jpg","330R_1-4W"
"resistor_01536.jpg","330R_1-4W"
"resistor_01537.jpg","330R_1-4W"
"resistor_01538.jpg","330R_1-4W"
"resistor_01539.jpg","330R_1-4W"
"resistor_01540.jpg","330R_1-4W"
"resistor_01541.jpg","330R_1-4W"
"resistor_01542.jpg","330R_1-4W"
"resistor_01543.jpg","330R_1-4W"
"resistor_01544.jpg","330R_1-4W"
"resistor_01545.jpg","330R_1-4W"
"resistor_01546.jpg","330R_1-4W"
"resistor_01547.jpg","330R_1-4W"
"resistor_01548.jpg","330R_1-4W"
"resistor_01549.jpg","330R_1-4W"
"resistor_01550.jpg","330R_1-4W"
"resistor_01551.jpg","330R_1-4W"
"resistor_01552.jpg","330R_1-4W"
"resistor_01553.jpg","330R_1-4W"
"resistor_01554.jpg","330R_1-4W"
"resistor_01555.jpg","330R_1-4W"
"resistor_01556.jpg","330R_1-4W"
"resistor_01557.jpg","330R_1-4W"
"resistor_01558.jpg","33K_2W"
"resistor_01559.jpg","33K_2W"
"resistor_01560.jpg","33K_2W"
"resistor_01561.jpg","33K_2W"
"resistor_01562.jpg","33K_2W"
"resistor_01563.jpg","33K_2W"
"resistor_01564.jpg","33K_2W"
"resistor_01565.jpg","33K_2W"
"resistor_01566.jpg","33K_2W"
"resistor_01567.jpg","33K_2W"
"resistor_01568.jpg","33K_2W"
"resistor_01569.jpg","33K_2W"
"resistor_01570.jpg","33K_2W"
"resistor_01571.jpg","33K_2W"
"resistor_01572.jpg","33K_2W"
"resistor_01573.jpg","33K_2W"
"resistor_01574.jpg","33K_2W"
"resistor_01575.jpg","33K_2W"
"resistor_01576.jpg","33K_2W"
"resistor_01577.jpg","33K_2W"
"resistor_01578.jpg","33K_2W"
"resistor_01579.jpg","33K_2W"
"resistor_01580.jpg","33K_2W"
"resistor_01581.jpg","33K_2W"
"resistor_01582.jpg","33K_2W"
"resistor_01583.jpg","33K_2W"
"resistor_01584.jpg","33K_2W"
"resistor_01585.jpg","33K_2W"
"resistor_01586.jpg","33K_2W"
"resistor_01587.jpg","33K_2W"
"resistor_01588.jpg","33K_2W"
"resistor_01589.jpg","33K_2W"
"resistor_01590.jpg","33K_2W"
"resistor_01591.jpg","33K_2W"
"resistor_01592.jpg","33K_2W"
"resistor_01593.jpg","33K_2W"
"resistor_01594.jpg","33K_2W"
"resistor_01595.jpg","33K_2W"
"resistor_01596.jpg","33K_2W"
"resistor_01597.jpg","33K_2W"
"resistor_01598.jpg","33K_2W"
"resistor_01599.jpg","33K_2W"
"resistor_01600.jpg","33K_2W"
"resistor_01601.jpg","33K_2W"
"resistor_01602.jpg","33K_2W"
"resistor_01603.jpg","33K_2W"
"resistor_01604.jpg","33K_2W"
"resistor_01605.jpg","33K_2W"
"resistor_01606.jpg","33K_2W"
"resistor_01607.jpg","33K_2W"
"resistor_01608.jpg","33K_2W"
"resistor_01609.jpg","33K_2W"
"resistor_01610.jpg","33K_2W"
"resistor_01611.jpg","33K_2W"
"resistor_01612.jpg","33K_2W"
"resistor_01613.jpg","33K_2W"
"resistor_01614.jpg","33K_2W"
"resistor_01615.jpg","33K_2W"
"resistor_01616.jpg","33K_2W"
"resistor_01617.jpg","33K_2W"
"resistor_01618.jpg","33K_2W"
"resistor_01619.jpg","33K_2W"
"resistor_01620.jpg","33K_2W"
"resistor_01621.jpg","33K_2W"
"resistor_01622.jpg","33K_2W"
"resistor_01623.jpg","33K_2W"
"resistor_01624.jpg","33K_2W"
"resistor_01625.jpg","33K_2W"
"resistor_01626.jpg","33K_2W"
"resistor_01627.jpg","33K_2W"
"resistor_01628.jpg","33K_2W"
"resistor_01629.jpg","33K_2W"
"resistor_01630.jpg","33K_2W"
"resistor_01631.jpg","33K_2W"
"resistor_01632.jpg","33K_2W"
"resistor_01633.jpg","33K_2W"
"resistor_01634.jpg","33K_2W"
"resistor_01635.jpg","33K_2W"
"resistor_01636.jpg","33K_2W"
"resistor_01637.jpg","33K_2W"
"resistor_01638.jpg","33K_2W"
"resistor_01639.jpg","33K_2W"
"resistor_01640.jpg","33K_2W"
"resistor_01641.jpg","33K_2W"
"resistor_01642.jpg","33K_2W"
"resistor_01643.jpg","33K_2W"
"resistor_01644.jpg","33K_2W"
"resistor_01645.jpg","33K_2W"
"resistor_01646.jpg","33K_2W"
"resistor_01647.jpg","33K_2W"
"resistor_01648.jpg","33K_2W"
"resistor_01649.jpg","33K_2W"
"resistor_01650.jpg","33K_2W"
"resistor_01651.jpg","33K_2W"
"resistor_01652.jpg","33K_2W"
"resistor_01653.jpg","33K_2W"
"resistor_01654.jpg","33K_2W"
"resistor_01655.jpg","33K_2W"
"resistor_01656.jpg","33K_2W"
"resistor_01657.jpg","33K_2W"
"resistor_01658.jpg","33K_2W"
"resistor_01659.jpg","33K_2W"
"resistor_01660.jpg","33K_2W"
"resistor_01661.jpg","33K_2W"
"resistor_01662.jpg","33K_2W"
"resistor_01663.jpg","33K_2W"
"resistor_01664.jpg","33K_2W"
"resistor_01665.jpg","33K_2W"
"resistor_01666.jpg","33K_2W"
"resistor_01667.jpg","33K_2W"
"resistor_01668.jpg","33K_2W"
"resistor_01669.jpg","33K_2W"
"resistor_01670.jpg","33K_2W"
"resistor_01671.jpg","33K_2W"
"resistor_01672.jpg","33K_2W"
"resistor_01673.jpg","33K_2W"
"resistor_01674.jpg","33K_2W"
"resistor_01675.jpg","33K_2W"
"resistor_01676.jpg","33K_2W"
"resistor_01677.jpg","33K_2W"
"resistor_01678.jpg","33K_2W"
"resistor_01679.jpg","33K_2W"
"resistor_01680.jpg","33K_2W"
"resistor_01681.jpg","3R9K_1-4W"
"resistor_01682.jpg","3R9K_1-4W"
"resistor_01683.jpg","3R9K_1-4W"
"resistor_01684.jpg","3R9K_1-4W"
"resistor_01685.jpg","3R9K_1-4W"
"resistor_01686.jpg","3R9K_1-4W"
"resistor_01687.jpg","3R9K_1-4W"
"resistor_01688.jpg","3R9K_1-4W"
"resistor_01689.jpg","3R9K_1-4W"
"resistor_01690.jpg","3R9K_1-4W"
"resistor_01691.jpg","3R9K_1-4W"
"resistor_01692.jpg","3R9K_1-4W"
"resistor_01693.jpg","3R9K_1-4W"
"resistor_01694.jpg","3R9K_1-4W"
"resistor_01695.jpg","3R9K_1-4W"
"resistor_01696.jpg","3R9K_1-4W"
"resistor_01697.jpg","3R9K_1-4W"
"resistor_01698.jpg","3R9K_1-4W"
"resistor_01699.jpg","3R9K_1-4W"
"resistor_01700.jpg","3R9K_1-4W"
"resistor_01701.jpg","3R9K_1-4W"
"resistor_01702.jpg","3R9K_1-4W"
"resistor_01703.jpg","3R9K_1-4W"
"resistor_01704.jpg","3R9K_1-4W"
"resistor_01705.jpg","3R9K_1-4W"
"resistor_01706.jpg","3R9K_1-4W"
"resistor_01707.jpg","3R9K_1-4W"
"resistor_01708.jpg","3R9K_1-4W"
"resistor_01709.jpg","3R9K_1-4W"
"resistor_01710.jpg","3R9K_1-4W"
"resistor_01711.jpg","3R9K_1-4W"
"resistor_01712.jpg","3R9K_1-4W"
"resistor_01713.jpg","3R9K_1-4W"
"resistor_01714.jpg","3R9K_1-4W"
"resistor_01715.jpg","3R9K_1-4W"
"resistor_01716.jpg","3R9K_1-4W"
"resistor_01717.jpg","3R9K_1-4W"
"resistor_01718.jpg","3R9K_1-4W"
"resistor_01719.jpg","3R9K_1-4W"
"resistor_01720.jpg","3R9K_1-4W"
"resistor_01721.jpg","3R9K_1-4W"
"resistor_01722.jpg","3R9K_1-4W"
"resistor_01723.jpg","3R9K_1-4W"
"resistor_01724.jpg","3R9K_1-4W"
"resistor_01725.jpg","3R9K_1-4W"
"resistor_01726.jpg","3R9K_1-4W"
"resistor_01727.jpg","3R9K_1-4W"
"resistor_01728.jpg","3R9K_1-4W"
"resistor_01729.jpg","3R9K_1-4W"
"resistor_01730.jpg","3R9K_1-4W"
"resistor_01731.jpg","3R9K_1-4W"
"resistor_01732.jpg","3R9K_1-4W"
"resistor_01733.jpg","3R9K_1-4W"
"resistor_01734.jpg","3R9K_1-4W"
"resistor_01735.jpg","3R9K_1-4W"
"resistor_01736.jpg","3R9K_1-4W"
"resistor_01737.jpg","3R9K_1-4W"
"resistor_01738.jpg","3R9K_1-4W"
"resistor_01739.jpg","3R9K_1-4W"
"resistor_01740.jpg","3R9K_1-4W"
"resistor_01741.jpg","3R9K_1-4W"
"resistor_01742.jpg","3R9K_1-4W"
"resistor_01743.jpg","3R9K_1-4W"
"resistor_01744.jpg","3R9K_1-4W"
"resistor_01745.jpg","3R9K_1-4W"
"resistor_01746.jpg","3R9K_1-4W"
"resistor_01747.jpg","3R9K_1-4W"
"resistor_01748.jpg","3R9K_1-4W"
"resistor_01749.jpg","3R9K_1-4W"
"resistor_01750.jpg","3R9K_1-4W"
"resistor_01751.jpg","3R9K_1-4W"
"resistor_01752.jpg","3R9K_1-4W"
"resistor_01753.jpg","3R9K_1-4W"
"resistor_01754.jpg","3R9K_1-4W"
"resistor_01755.jpg","3R9K_1-4W"
"resistor_01756.jpg","3R9K_1-4W"
"resistor_01757.jpg","3R9K_1-4W"
"resistor_01758.jpg","3R9K_1-4W"
"resistor_01759.jpg","3R9K_1-4W"
"resistor_01760.jpg","3R9K_1-4W"
"resistor_01761.jpg","4700Mohm"
"resistor_01762.jpg","4700Mohm"
"resistor_01763.jpg","4700Mohm"
"resistor_01764.jpg","4700Mohm"
"resistor_01765.jpg","4700Mohm"
"resistor_01766.jpg","4700Mohm"
"resistor_01767.jpg","4700Mohm"
"resistor_01768.jpg","4700Mohm"
"resistor_01769.jpg","4700Mohm"
"resistor_01770.jpg","4700Mohm"
"resistor_01771.jpg","4700Mohm"
"resistor_01772.jpg","4700Mohm"
"resistor_01773.jpg","4700Mohm"
"resistor_01774.jpg","4700Mohm"
"resistor_01775.jpg","4700Mohm"
"resistor_01776.jpg","4700Mohm"
"resistor_01777.jpg","4700Mohm"
"resistor_01778.jpg","4700Mohm"
"resistor_01779.jpg","4700Mohm"
"resistor_01780.jpg","4700Mohm"
"resistor_01781.jpg","4700Mohm"
"resistor_01782.jpg","4700Mohm"
"resistor_01783.jpg","4700Mohm"
"resistor_01784.jpg","4700Mohm"
"resistor_01785.jpg","4700Mohm"
"resistor_01786.jpg","4700Mohm"
"resistor_01787.jpg","4700Mohm"
"resistor_01788.jpg","4700Mohm"
"resistor_01789.jpg","4700Mohm"
"resistor_01790.jpg","4700Mohm"
"resistor_01791.jpg","4700Mohm"
"resistor_01792.jpg","4700Mohm"
"resistor_01793.jpg","4700Mohm"
"resistor_01794.jpg","4700Mohm"
"resistor_01795.jpg","4700Mohm"
"resistor_01796.jpg","4700Mohm"
"resistor_01797.jpg","4700Mohm"
"resistor_01798.jpg","4700Mohm"
"resistor_01799.jpg","4700Mohm"
"resistor_01800.jpg","4700Mohm"
"resistor_01801.jpg","4700Mohm"
"resistor_01802.jpg","4700Mohm"
"resistor_01803.jpg","4700Mohm"
"resistor_01804.jpg","4700Mohm"
"resistor_01805.jpg","4700Mohm"
"resistor_01806.jpg","4700Mohm"
"resistor_01807.jpg","4700Mohm"
"resistor_01808.jpg","4700Mohm"
"resistor_01809.jpg","4700Mohm"
"resistor_01810.jpg","4700Mohm"
"resistor_01811.jpg","4700Mohm"
"resistor_01812.jpg","4700Mohm"
"resistor_01813.jpg","4700Mohm"
"resistor_01814.jpg","4700Mohm"
"resistor_01815.jpg","4700Mohm"
"resistor_01816.jpg","4700Mohm"
"resistor_01817.jpg","4700Mohm"
"resistor_01818.jpg","4700Mohm"
"resistor_01819.jpg","4700Mohm"
"resistor_01820.jpg","4700Mohm"
"resistor_01821.jpg","4700Mohm"
"resistor_01822.jpg","4700Mohm"
"resistor_01823.jpg","4700Mohm"
"resistor_01824.jpg","4700Mohm"
"resistor_01825.jpg","4700Mohm"
"resistor_01826.jpg","4700Mohm"
"resistor_01827.jpg","4700Mohm"
"resistor_01828.jpg","4700Mohm"
"resistor_01829.jpg","4700Mohm"
"resistor_01830.jpg","4700Mohm"
"resistor_01831.jpg","4700Mohm"
"resistor_01832.jpg","4700Mohm"
"resistor_01833.jpg","4700Mohm"
"resistor_01834.jpg","4700Mohm"
"resistor_01835.jpg","4700Mohm"
"resistor_01836.jpg","4700Mohm"
"resistor_01837.jpg","4700Mohm"
"resistor_01838.jpg","4700Mohm"
"resistor_01839.jpg","4700Mohm"
"resistor_01840.jpg","4700Mohm"
"resistor_01841.jpg","4700Mohm"
"resistor_01842.jpg","4700Mohm"
"resistor_01843.jpg","4700Mohm"
"resistor_01844.jpg","4700Mohm"
"resistor_01845.jpg","4700Mohm"
"resistor_01846.jpg","4700Mohm"
"resistor_01847.jpg","4700Mohm"
"resistor_01848.jpg","4700Mohm"
"resistor_01849.jpg","4700Mohm"
"resistor_01850.jpg","4700Mohm"
"resistor_01851.jpg","4700Mohm"
"resistor_01852.jpg","4700Mohm"
"resistor_01853.jpg","4700Mohm"
"resistor_01854.jpg","4700Mohm"
"resistor_01855.jpg","4700Mohm"
"resistor_01856.jpg","4700Mohm"
"resistor_01857.jpg","4700Mohm"
"resistor_01858.jpg","4700Mohm"
"resistor_01859.jpg","4700Mohm"
"resistor_01860.jpg","4700Mohm"
"resistor_01861.jpg","4700Mohm"
"resistor_01862.jpg","4700Mohm"
"resistor_01863.jpg","4700Mohm"
"resistor_01864.jpg","470R_1-4W"
"resistor_01865.jpg","470R_1-4W"
"resistor_01866.jpg","470R_1-4W"
"resistor_01867.jpg","470R_1-4W"
"resistor_01868.jpg","470R_1-4W"
"resistor_01869.jpg","470R_1-4W"
"resistor_01870.jpg","470R_1-4W"
"resistor_01871.jpg","470R_1-4W"
"resistor_01872.jpg","470R_1-4W"
"resistor_01873.jpg","470R_1-4W"
"resistor_01874.jpg","470R_1-4W"
"resistor_01875.jpg","470R_1-4W"
"resistor_01876.jpg","470R_1-4W"
"resistor_01877.jpg","470R_1-4W"
"resistor_01878.jpg","470R_1-4W"
"resistor_01879.jpg","470R_1-4W"
"resistor_01880.jpg","470R_1-4W"
"resistor_01881.jpg","470R_1-4W"
"resistor_01882.jpg","470R_1-4W"
"resistor_01883.jpg","470R_1-4W"
"resistor_01884.jpg","470R_1-4W"
"resistor_01885.jpg","470R_1-4W"
"resistor_01886.jpg","470R_1-4W"
"resistor_01887.jpg","470R_1-4W"
"resistor_01888.jpg","470R_1-4W"
"resistor_01889.jpg","470R_1-4W"
"resistor_01890.jpg","470R_1-4W"
"resistor_01891.jpg","470R_1-4W"
"resistor_01892.jpg","470R_1-4W"
"resistor_01893.jpg","470R_1-4W"
"resistor_01894.jpg","470R_1-4W"
"resistor_01895.jpg","470R_1-4W"
"resistor_01896.jpg","470R_1-4W"
"resistor_01897.jpg","470R_1-4W"
"resistor_01898.jpg","470R_1-4W"
"resistor_01899.jpg","470R_1-4W"
"resistor_01900.jpg","470R_1-4W"
"resistor_01901.jpg","470R_1-4W"
"resistor_01902.jpg","470R_1-4W"
"resistor_01903.jpg","470R_1-4W"
"resistor_01904.jpg","470R_1-4W"
"resistor_01905.jpg","470R_1-4W"
"resistor_01906.jpg","470R_1-4W"
"resistor_01907.jpg","470R_1-4W"
"resistor_01908.jpg","470R_1-4W"
"resistor_01909.jpg","470R_1-4W"
"resistor_01910.jpg","470R_1-4W"
"resistor_01911.jpg","470R_1-4W"
"resistor_01912.jpg","470R_1-4W"
"resistor_01913.jpg","470R_1-4W"
"resistor_01914.jpg","470R_1-4W"
"resistor_01915.jpg","470R_1-4W"
"resistor_01916.jpg","470R_1-4W"
"resistor_01917.jpg","470R_1-4W"
"resistor_01918.jpg","470R_1-4W"
"resistor_01919.jpg","470R_1-4W"
"resistor_01920.jpg","470R_1-4W"
"resistor_01921.jpg","470R_1-4W"
"resistor_01922.jpg","470R_1-4W"
"resistor_01923.jpg","470R_1-4W"
"resistor_01924.jpg","470R_1-4W"
"resistor_01925.jpg","470R_1-4W"
"resistor_01926.jpg","470R_1-4W"
"resistor_01927.jpg","470R_1-4W"
"resistor_01928.jpg","470R_1-4W"
"resistor_01929.jpg","470R_1-4W"
"resistor_01930.jpg","470R_1-4W"
"resistor_01931.jpg","470R_1-4W"
"resistor_01932.jpg","470R_1-4W"
"resistor_01933.jpg","470R_1-4W"
"resistor_01934.jpg","470R_1-4W"
"resistor_01935.jpg","470R_1-4W"
"resistor_01936.jpg","470R_1-4W"
"resistor_01937.jpg","470R_1-4W"
"resistor_01938.jpg","470R_1-4W"
"resistor_01939.jpg","470R_1-4W"
"resistor_01940.jpg","470R_1-4W"
"resistor_01941.jpg","470R_1-4W"
"resistor_01942.jpg","470R_1-4W"
"resistor_01943.jpg","470R_1-4W"
"resistor_01944.jpg","470R_1-4W"
"resistor_01945.jpg","470R_1-4W"
"resistor_01946.jpg","470R_1-4W"
"resistor_01947.jpg","470R_1-4W"
"resistor_01948.jpg","470R_1-4W"
"resistor_01949.jpg","470R_1-4W"
"resistor_01950.jpg","470R_1-4W"
"resistor_01951.jpg","470R_1-4W"
"resistor_01952.jpg","470R_1-4W"
"resistor_01953.jpg","470R_1-4W"
"resistor_01954.jpg","470R_1-4W"
"resistor_01955.jpg","470R_1-4W"
"resistor_01956.jpg","470R_1-4W"
"resistor_01957.jpg","470R_1-4W"
"resistor_01958.jpg","470R_1-4W"
"resistor_01959.jpg","470R_1-4W"
"resistor_01960.jpg","470R_1-4W"
"resistor_01961.jpg","470R_1-4W"
"resistor_01962.jpg","470R_1-4W"
"resistor_01963.jpg","470R_1-4W"
"resistor_01964.jpg","470R_1-4W"
"resistor_01965.jpg","470R_1-4W"
"resistor_01966.jpg","470R_1-4W"
"resistor_01967.jpg","470R_1-4W"
"resistor_01968.jpg","470R_1-4W"
"resistor_01969.jpg","470R_1-4W"
"resistor_01970.jpg","470R_1-4W"
"resistor_01971.jpg","470R_1-4W"
"resistor_01972.jpg","470R_1-4W"
"resistor_01973.jpg","470R_1-4W"
"resistor_01974.jpg","470R_1-4W"
"resistor_01975.jpg","470R_1-4W"
"resistor_01976.jpg","470R_1-4W"
"resistor_01977.jpg","470R_1-4W"
"resistor_01978.jpg","470R_1-4W"
"resistor_01979.jpg","470R_1-4W"
"resistor_01980.jpg","470R_1-4W"
"resistor_01981.jpg","470R_1-4W"
"resistor_01982.jpg","470R_1-4W"
"resistor_01983.jpg","470R_1-4W"
"resistor_01984.jpg","470R_1-4W"
"resistor_01985.jpg","470R_1-4W"
"resistor_01986.jpg","470R_1-4W"
"resistor_01987.jpg","470R_1-4W"
"resistor_01988.jpg","470R_1-4W"
"resistor_01989.jpg","470R_1-4W"
"resistor_01990.jpg","470R_1-4W"
"resistor_01991.jpg","470R_1-4W"
"resistor_01992.jpg","470R_1-4W"
"resistor_01993.jpg","470R_1-4W"
"resistor_01994.jpg","470R_1-4W"
"resistor_01995.jpg","470R_1-4W"
"resistor_01996.jpg","470R_1-4W"
"resistor_01997.jpg","470R_1-4W"
"resistor_01998.jpg","470R_1-4W"
"resistor_01999.jpg","470R_1-4W"
"resistor_02000.jpg","470R_1-4W"
"resistor_02001.jpg","470R_1-4W"
"resistor_02002.jpg","470R_1-4W"
"resistor_02003.jpg","470R_1-4W"
"resistor_02004.jpg","470R_1-4W"
"resistor_02005.jpg","470R_1-4W"
"resistor_02006.jpg","470R_1-4W"
"resistor_02007.jpg","470R_1-4W"
"resistor_02008.jpg","470R_1-4W"
"resistor_02009.jpg","470R_1-4W"
"resistor_02010.jpg","470R_1-4W"
"resistor_02011.jpg","470R_1-4W"
"resistor_02012.jpg","470R_1-4W"
"resistor_02013.jpg","470R_1-4W"
"resistor_02014.jpg","470R_1W"
"resistor_02015.jpg","470R_1W"
"resistor_02016.jpg","470R_1W"
"resistor_02017.jpg","470R_1W"
"resistor_02018.jpg","470R_1W"
"resistor_02019.jpg","470R_1W"
"resistor_02020.jpg","470R_1W"
"resistor_02021.jpg","470R_1W"
"resistor_02022.jpg","470R_1W"
"resistor_02023.jpg","470R_1W"
"resistor_02024.jpg","470R_1W"
"resistor_02025.jpg","470R_1W"
"resistor_02026.jpg","470R_1W"
"resistor_02027.jpg","470R_1W"
"resistor_02028.jpg","470R_1W"
"resistor_02029.jpg","470R_1W"
"resistor_02030.jpg","470R_1W"
"resistor_02031.jpg","470R_1W"
"resistor_02032.jpg","470R_1W"
"resistor_02033.jpg","470R_1W"
"resistor_02034.jpg","470R_1W"
"resistor_02035.jpg","470R_1W"
"resistor_02036.jpg","470R_1W"
"resistor_02037.jpg","470R_1W"
"resistor_02038.jpg","470R_1W"
"resistor_02039.jpg","470R_1W"
"resistor_02040.jpg","470R_1W"
"resistor_02041.jpg","470R_1W"
"resistor_02042.jpg","470R_1W"
"resistor_02043.jpg","470R_1W"
"resistor_02044.jpg","470R_1W"
"resistor_02045.jpg","470R_1W"
"resistor_02046.jpg","470R_1W"
"resistor_02047.jpg","470R_1W"
"resistor_02048.jpg","470R_1W"
"resistor_02049.jpg","470R_1W"
"resistor_02050.jpg","470R_1W"
"resistor_02051.jpg","470R_1W"
"resistor_02052.jpg","470R_1W"
"resistor_02053.jpg","470R_1W"
"resistor_02054.jpg","470R_1W"
"resistor_02055.jpg","470R_1W"
"resistor_02056.jpg","470R_1W"
"resistor_02057.jpg","470R_1W"
"resistor_02058.jpg","470R_1W"
"resistor_02059.jpg","470R_1W"
"resistor_02060.jpg","470R_1W"
"resistor_02061.jpg","470R_1W"
"resistor_02062.jpg","470R_1W"
"resistor_02063.jpg","470R_1W"
"resistor_02064.jpg","470R_1W"
"resistor_02065.jpg","470R_1W"
"resistor_02066.jpg","470R_1W"
"resistor_02067.jpg","470R_1W"
"resistor_02068.jpg","470R_1W"
"resistor_02069.jpg","470R_1W"
"resistor_02070.jpg","470R_1W"
"resistor_02071.jpg","470R_1W"
"resistor_02072.jpg","470R_1W"
"resistor_02073.jpg","470R_1W"
"resistor_02074.jpg","470R_1W"
"resistor_02075.jpg","470R_1W"
"resistor_02076.jpg","470R_1W"
"resistor_02077.jpg","470R_1W"
"resistor_02078.jpg","470R_1W"
"resistor_02079.jpg","470R_1W"
"resistor_02080.jpg","4K7_1-4W"
"resistor_02081.jpg","4K7_1-4W"
"resistor_02082.jpg","4K7_1-4W"
"resistor_02083.jpg","4K7_1-4W"
"resistor_02084.jpg","4K7_1-4W"
"resistor_02085.jpg","4K7_1-4W"
"resistor_02086.jpg","4K7_1-4W"
"resistor_02087.jpg","4K7_1-4W"
"resistor_02088.jpg","4K7_1-4W"
"resistor_02089.jpg","4K7_1-4W"
"resistor_02090.jpg","4K7_1-4W"
"resistor_02091.jpg","4K7_1-4W"
"resistor_02092.jpg","4K7_1-4W"
"resistor_02093.jpg","4K7_1-4W"
"resistor_02094.jpg","4K7_1-4W"
"resistor_02095.jpg","4K7_1-4W"
"resistor_02096.jpg","4K7_1-4W"
"resistor_02097.jpg","4K7_1-4W"
"resistor_02098.jpg","4K7_1-4W"
"resistor_02099.jpg","4K7_1-4W"
"resistor_02100.jpg","4K7_1-4W"
"resistor_02101.jpg","4K7_1-4W"
"resistor_02102.jpg","4K7_1-4W"
"resistor_02103.jpg","4K7_1-4W"
"resistor_02104.jpg","4K7_1-4W"
"resistor_02105.jpg","4K7_1-4W"
"resistor_02106.jpg","4K7_1-4W"
"resistor_02107.jpg","4K7_1-4W"
"resistor_02108.jpg","4K7_1-4W"
"resistor_02109.jpg","4K7_1-4W"
"resistor_02110.jpg","4K7_1-4W"
"resistor_02111.jpg","4K7_1-4W"
"resistor_02112.jpg","4K7_1-4W"
"resistor_02113.jpg","4K7_1-4W"
"resistor_02114.jpg","4K7_1-4W"
"resistor_02115.jpg","4K7_1-4W"
"resistor_02116.jpg","4K7_1-4W"
"resistor_02117.jpg","4K7_1-4W"
"resistor_02118.jpg","4K7_1-4W"
"resistor_02119.jpg","4K7_1-4W"
"resistor_02120.jpg","4K7_1-4W"
"resistor_02121.jpg","4K7_1-4W"
"resistor_02122.jpg","4K7_1-4W"
"resistor_02123.jpg","4K7_1-4W"
"resistor_02124.jpg","4K7_1-4W"
"resistor_02125.jpg","4K7_1-4W"
"resistor_02126.jpg","4K7_1-4W"
"resistor_02127.jpg","4K7_1-4W"
"resistor_02128.jpg","4K7_1-4W"
"resistor_02129.jpg","4K7_1-4W"
"resistor_02130.jpg","4K7_1-4W"
"resistor_02131.jpg","4K7_1-4W"
"resistor_02132.jpg","4K7_1-4W"
"resistor_02133.jpg","4K7_1-4W"
"resistor_02134.jpg","4K7_1-4W"
"resistor_02135.jpg","4K7_1-4W"
"resistor_02136.jpg","4K7_1-4W"
"resistor_02137.jpg","4K7_1-4W"
"resistor_02138.jpg","4K7_1-4W"
"resistor_02139.jpg","4K7_1-4W"
"resistor_02140.jpg","4K7_1-4W"
"resistor_02141.jpg","4K7_1-4W"
"resistor_02142.jpg","4K7_1-4W"
"resistor_02143.jpg","4K7_1-4W"
"resistor_02144.jpg","4K7_1-4W"
"resistor_02145.jpg","4K7_1-4W"
"resistor_02146.jpg","4K7_1-4W"
"resistor_02147.jpg","4K7_1-4W"
"resistor_02148.jpg","4K7_1-4W"
"resistor_02149.jpg","4K7_1-4W"
"resistor_02150.jpg","4K7_1-4W"
"resistor_02151.jpg","4K7_1-4W"
"resistor_02152.jpg","4K7_1-4W"
"resistor_02153.jpg","4K7_1-4W"
"resistor_02154.jpg","4K7_1-4W"
"resistor_02155.jpg","4K7_1-4W"
"resistor_02156.jpg","4K7_1-4W"
"resistor_02157.jpg","4K7_1-4W"
"resistor_02158.jpg","4K7_1-4W"
"resistor_02159.jpg","4K7_1-4W"
"resistor_02160.jpg","4K7_1-4W"
"resistor_02161.jpg","4K7_1-4W"
"resistor_02162.jpg","4K7_1-4W"
"resistor_02163.jpg","4K7_1-4W"
"resistor_02164.jpg","4K7_1-4W"
"resistor_02165.jpg","4K7_1-4W"
"resistor_02166.jpg","4K7_1-4W"
"resistor_02167.jpg","4K7_1-4W"
"resistor_02168.jpg","4K7_1-4W"
"resistor_02169.jpg","4K7_1-4W"
"resistor_02170.jpg","56K_1W"
"resistor_02171.jpg","56K_1W"
"resistor_02172.jpg","56K_1W"
"resistor_02173.jpg","56K_1W"
"resistor_02174.jpg","56K_1W"
"resistor_02175.jpg","56K_1W"
"resistor_02176.jpg","56K_1W"
"resistor_02177.jpg","56K_1W"
"resistor_02178.jpg","56K_1W"
"resistor_02179.jpg","56K_1W"
"resistor_02180.jpg","56K_1W"
"resistor_02181.jpg","56K_1W"
"resistor_02182.jpg","56K_1W"
"resistor_02183.jpg","56K_1W"
"resistor_02184.jpg","56K_1W"
"resistor_02185.jpg","56K_1W"
"resistor_02186.jpg","56K_1W"
"resistor_02187.jpg","56K_1W"
"resistor_02188.jpg","56K_1W"
"resistor_02189.jpg","56K_1W"
"resistor_02190.jpg","56K_1W"
"resistor_02191.jpg","56K_1W"
"resistor_02192.jpg","56K_1W"
"resistor_02193.jpg","56K_1W"
"resistor_02194.jpg","56K_1W"
"resistor_02195.jpg","56K_1W"
"resistor_02196.jpg","56K_1W"
"resistor_02197.jpg","56K_1W"
"resistor_02198.jpg","56K_1W"
"resistor_02199.jpg","56K_1W"
"resistor_02200.jpg","56K_1W"
"resistor_02201.jpg","56K_1W"
"resistor_02202.jpg","56K_1W"
"resistor_02203.jpg","56K_1W"
"resistor_02204.jpg","56K_1W"
"resistor_02205.jpg","56K_1W"
"resistor_02206.jpg","56K_1W"
"resistor_02207.jpg","56K_1W"
"resistor_02208.jpg","56K_1W"
"resistor_02209.jpg","56K_1W"
"resistor_02210.jpg","56K_1W"
"resistor_02211.jpg","56K_1W"
"resistor_02212.jpg","56K_1W"
"resistor_02213.jpg","56K_1W"
"resistor_02214.jpg","56K_1W"
"resistor_02215.jpg","56K_1W"
"resistor_02216.jpg","56K_1W"
"resistor_02217.jpg","5K1_1-4W"
"resistor_02218.jpg","5K1_1-4W"
"resistor_02219.jpg","5K1_1-4W"
"resistor_02220.jpg","5K1_1-4W"
"resistor_02221.jpg","5K1_1-4W"
"resistor_02222.jpg","5K1_1-4W"
"resistor_02223.jpg","5K1_1-4W"
"resistor_02224.jpg","5K1_1-4W"
"resistor_02225.jpg","5K1_1-4W"
"resistor_02226.jpg","5K1_1-4W"
"resistor_02227.jpg","5K1_1-4W"
"resistor_02228.jpg","5K1_1-4W"
"resistor_02229.jpg","5K1_1-4W"
"resistor_02230.jpg","5K1_1-4W"
"resistor_02231.jpg","5K1_1-4W"
"resistor_02232.jpg","5K1_1-4W"
"resistor_02233.jpg","5K1_1-4W"
"resistor_02234.jpg","5K1_1-4W"
"resistor_02235.jpg","5K1_1-4W"
"resistor_02236.jpg","5K1_1-4W"
"resistor_02237.jpg","5K1_1-4W"
"resistor_02238.jpg","5K1_1-4W"
"resistor_02239.jpg","5K1_1-4W"
"resistor_02240.jpg","5K1_1-4W"
"resistor_02241.jpg","5K1_1-4W"
"resistor_02242.jpg","5K1_1-4W"
"resistor_02243.jpg","5K1_1-4W"
"resistor_02244.jpg","5K1_1-4W"
"resistor_02245.jpg","5K1_1-4W"
"resistor_02246.jpg","5K1_1-4W"
"resistor_02247.jpg","5K1_1-4W"
"resistor_02248.jpg","5K1_1-4W"
"resistor_02249.jpg","5K1_1-4W"
"resistor_02250.jpg","5K1_1-4W"
"resistor_02251.jpg","5K1_1-4W"
"resistor_02252.jpg","5K1_1-4W"
"resistor_02253.jpg","5K1_1-4W"
"resistor_02254.jpg","5K1_1-4W"
"resistor_02255.jpg","5K1_1-4W"
"resistor_02256.jpg","5K1_1-4W"
"resistor_02257.jpg","5K1_1-4W"
"resistor_02258.jpg","5K1_1-4W"
"resistor_02259.jpg","5K1_1-4W"
"resistor_02260.jpg","5K1_1-4W"
"resistor_02261.jpg","5K1_1-4W"
"resistor_02262.jpg","5K1_1-4W"
"resistor_02263.jpg","5K1_1-4W"
"resistor_02264.jpg","5K1_1-4W"
"resistor_02265.jpg","5K1_1-4W"
"resistor_02266.jpg","5K1_1-4W"
"resistor_02267.jpg","5K1_1-4W"
"resistor_02268.jpg","5K1_1-4W"
"resistor_02269.jpg","5K1_1-4W"
"resistor_02270.jpg","5K1_1-4W"
"resistor_02271.jpg","5K1_1-4W"
"resistor_02272.jpg","5K1_1-4W"
"resistor_02273.jpg","5K1_1-4W"
"resistor_02274.jpg","5K1_1-4W"
"resistor_02275.jpg","5K1_1-4W"
"resistor_02276.jpg","5K1_1-4W"
"resistor_02277.jpg","5K1_1-4W"
"resistor_02278.jpg","5K1_1-4W"
"resistor_02279.jpg","5K1_1-4W"
"resistor_02280.jpg","5K1_1-4W"
"resistor_02281.jpg","5K1_1-4W"
"resistor_02282.jpg","5K1_1-4W"
"resistor_02283.jpg","5K1_1-4W"
"resistor_02284.jpg","5K1_1-4W"
"resistor_02285.jpg","5K1_1-4W"
"resistor_02286.jpg","5K1_1-4W"
"resistor_02287.jpg","5K1_1-4W"
"resistor_02288.jpg","5K1_1-4W"
"resistor_02289.jpg","5K1_1-4W"
"resistor_02290.jpg","5K1_1-4W"
"resistor_02291.jpg","5K1_1-4W"
"resistor_02292.jpg","5K1_1-4W"
"resistor_02293.jpg","5K1_1-4W"
"resistor_02294.jpg","5K1_1-4W"
"resistor_02295.jpg","5K61-4W"
"resistor_02296.jpg","5K61-4W"
"resistor_02297.jpg","5K61-4W"
"resistor_02298.jpg","5K61-4W"
"resistor_02299.jpg","5K61-4W"
"resistor_02300.jpg","5K61-4W"
"resistor_02301.jpg","5K61-4W"
"resistor_02302.jpg","5K61-4W"
"resistor_02303.jpg","5K61-4W"
"resistor_02304.jpg","5K61-4W"
"resistor_02305.jpg","5K61-4W"
"resistor_02306.jpg","5K61-4W"
"resistor_02307.jpg","5K61-4W"
"resistor_02308.jpg","5K61-4W"
"resistor_02309.jpg","5K61-4W"
"resistor_02310.jpg","5K61-4W"
"resistor_02311.jpg","5K61-4W"
"resistor_02312.jpg","5K61-4W"
"resistor_02313.jpg","5K61-4W"
"resistor_02314.jpg","5K61-4W"
"resistor_02315.jpg","5K61-4W"
"resistor_02316.jpg","5K61-4W"
"resistor_02317.jpg","5K61-4W"
"resistor_02318.jpg","5K61-4W"
"resistor_02319.jpg","5K61-4W"
"resistor_02320.jpg","5K61-4W"
"resistor_02321.jpg","5K61-4W"
"resistor_02322.jpg","5K61-4W"
"resistor_02323.jpg","5K61-4W"
"resistor_02324.jpg","5K61-4W"
"resistor_02325.jpg","5K61-4W"
"resistor_02326.jpg","5K61-4W"
"resistor_02327.jpg","5K61-4W"
"resistor_02328.jpg","5K61-4W"
"resistor_02329.jpg","5K61-4W"
"resistor_02330.jpg","5K61-4W"
"resistor_02331.jpg","5K61-4W"
"resistor_02332.jpg","5K61-4W"
"resistor_02333.jpg","5K61-4W"
"resistor_02334.jpg","5K61-4W"
"resistor_02335.jpg","5K61-4W"
"resistor_02336.jpg","5K61-4W"
"resistor_02337.jpg","5K61-4W"
"resistor_02338.jpg","5K61-4W"
"resistor_02339.jpg","5K61-4W"
"resistor_02340.jpg","5K61-4W"
"resistor_02341.jpg","5K61-4W"
"resistor_02342.jpg","5K61-4W"
"resistor_02343.jpg","5K61-4W"
"resistor_02344.jpg","5K61-4W"
"resistor_02345.jpg","5K61-4W"
"resistor_02346.jpg","5K61-4W"
"resistor_02347.jpg","5K61-4W"
"resistor_02348.jpg","5K61-4W"
"resistor_02349.jpg","5K61-4W"
"resistor_02350.jpg","5K61-4W"
"resistor_02351.jpg","5K61-4W"
"resistor_02352.jpg","5K61-4W"
"resistor_02353.jpg","5K61-4W"
"resistor_02354.jpg","5K61-4W"
"resistor_02355.jpg","5K61-4W"
"resistor_02356.jpg","5K61-4W"
"resistor_02357.jpg","5K61-4W"
"resistor_02358.jpg","5K61-4W"
"resistor_02359.jpg","5K61-4W"
"resistor_02360.jpg","5K61-4W"
"resistor_02361.jpg","5K61-4W"
"resistor_02362.jpg","5K61-4W"
"resistor_02363.jpg","5K61-4W"
"resistor_02364.jpg","5K61-4W"
"resistor_02365.jpg","5K61-4W"
"resistor_02366.jpg","5K61-4W"
"resistor_02367.jpg","5K61-4W"
"resistor_02368.jpg","5K61-4W"
"resistor_02369.jpg","5K61-4W"
"resistor_02370.jpg","5K61-4W"
"resistor_02371.jpg","5K61-4W"
"resistor_02372.jpg","5K61-4W"
"resistor_02373.jpg","5K61-4W"
"resistor_02374.jpg","5K61-4W"
"resistor_02375.jpg","5K61-4W"
"resistor_02376.jpg","5K61-4W"
"resistor_02377.jpg","5K61-4W"
"resistor_02378.jpg","5K61-4W"
"resistor_02379.jpg","5K61-4W"
"resistor_02380.jpg","5K61-4W"
"resistor_02381.jpg","5K61-4W"
"resistor_02382.jpg","620R_1-4W"
"resistor_02383.jpg","620R_1-4W"
"resistor_02384.jpg","620R_1-4W"
"resistor_02385.jpg","620R_1-4W"
"resistor_02386.jpg","620R_1-4W"
"resistor_02387.jpg","620R_1-4W"
"resistor_02388.jpg","620R_1-4W"
"resistor_02389.jpg","620R_1-4W"
"resistor_02390.jpg","620R_1-4W"
"resistor_02391.jpg","620R_1-4W"
"resistor_02392.jpg","620R_1-4W"
"resistor_02393.jpg","620R_1-4W"
"resistor_02394.jpg","620R_1-4W"
"resistor_02395.jpg","620R_1-4W"
"resistor_02396.jpg","620R_1-4W"
"resistor_02397.jpg","620R_1-4W"
"resistor_02398.jpg","620R_1-4W"
"resistor_02399.jpg","620R_1-4W"
"resistor_02400.jpg","620R_1-4W"
"resistor_02401.jpg","620R_1-4W"
"resistor_02402.jpg","620R_1-4W"
"resistor_02403.jpg","620R_1-4W"
"resistor_02404.jpg","620R_1-4W"
"resistor_02405.jpg","620R_1-4W"
"resistor_02406.jpg","620R_1-4W"
"resistor_02407.jpg","620R_1-4W"
"resistor_02408.jpg","620R_1-4W"
"resistor_02409.jpg","620R_1-4W"
"resistor_02410.jpg","620R_1-4W"
"resistor_02411.jpg","620R_1-4W"
"resistor_02412.jpg","620R_1-4W"
"resistor_02413.jpg","620R_1-4W"
"resistor_02414.jpg","620R_1-4W"
"resistor_02415.jpg","620R_1-4W"
"resistor_02416.jpg","620R_1-4W"
"resistor_02417.jpg","620R_1-4W"
"resistor_02418.jpg","620R_1-4W"
"resistor_02419.jpg","620R_1-4W"
"resistor_02420.jpg","620R_1-4W"
"resistor_02421.jpg","620R_1-4W"
"resistor_02422.jpg","620R_1-4W"
"resistor_02423.jpg","620R_1-4W"
"resistor_02424.jpg","620R_1-4W"
"resistor_02425.jpg","620R_1-4W"
"resistor_02426.jpg","620R_1-4W"
"resistor_02427.jpg","620R_1-4W"
"resistor_02428.jpg","620R_1-4W"
"resistor_02429.jpg","620R_1-4W"
"resistor_02430.jpg","620R_1-4W"
"resistor_02431.jpg","620R_1-4W"
"resistor_02432.jpg","620R_1-4W"
"resistor_02433.jpg","620R_1-4W"
"resistor_02434.jpg","620R_1-4W"
"resistor_02435.jpg","620R_1-4W"
"resistor_02436.jpg","620R_1-4W"
"resistor_02437.jpg","620R_1-4W"
"resistor_02438.jpg","620R_1-4W"
"resistor_02439.jpg","620R_1-4W"
"resistor_02440.jpg","620R_1-4W"
"resistor_02441.jpg","620R_1-4W"
"resistor_02442.jpg","620R_1-4W"
"resistor_02443.jpg","620R_1-4W"
"resistor_02444.jpg","620R_1-4W"
"resistor_02445.jpg","620R_1-4W"
"resistor_02446.jpg","620R_1-4W"
"resistor_02447.jpg","620R_1-4W"
"resistor_02448.jpg","620R_1-4W"
"resistor_02449.jpg","620R_1-4W"
"resistor_02450.jpg","620R_1-4W"
"resistor_02451.jpg","620R_1-4W"
"resistor_02452.jpg","620R_1-4W"
"resistor_02453.jpg","620R_1-4W"
"resistor_02454.jpg","620R_1-4W"
"resistor_02455.jpg","620R_1-4W"
"resistor_02456.jpg","620R_1-4W"
"resistor_02457.jpg","620R_1-4W"
"resistor_02458.jpg","620R_1-4W"
"resistor_02459.jpg","620R_1-4W"
"resistor_02460.jpg","620R_1-4W"
"resistor_02461.jpg","620R_1-4W"
"resistor_02462.jpg","620R_1-4W"
"resistor_02463.jpg","68K_1W"
"resistor_02464.jpg","68K_1W"
"resistor_02465.jpg","68K_1W"
"resistor_02466.jpg","68K_1W"
"resistor_02467.jpg","68K_1W"
"resistor_02468.jpg","68K_1W"
"resistor_02469.jpg","68K_1W"
"resistor_02470.jpg","68K_1W"
"resistor_02471.jpg","68K_1W"
"resistor_02472.jpg","68K_1W"
"resistor_02473.jpg","68K_1W"
"resistor_02474.jpg","68K_1W"
"resistor_02475.jpg","68K_1W"
"resistor_02476.jpg","68K_1W"
"resistor_02477.jpg","68K_1W"
"resistor_02478.jpg","68K_1W"
"resistor_02479.jpg","68K_1W"
"resistor_02480.jpg","68K_1W"
"resistor_02481.jpg","68K_1W"
"resistor_02482.jpg","68K_1W"
"resistor_02483.jpg","68K_1W"
"resistor_02484.jpg","68K_1W"
"resistor_02485.jpg","68K_1W"
"resistor_02486.jpg","68K_1W"
"resistor_02487.jpg","68K_1W"
"resistor_02488.jpg","68K_1W"
"resistor_02489.jpg","68K_1W"
"resistor_02490.jpg","68K_1W"
"resistor_02491.jpg","68K_1W"
"resistor_02492.jpg","68K_1W"
"resistor_02493.jpg","68K_1W"
"resistor_02494.jpg","68K_1W"
"resistor_02495.jpg","68K_1W"
"resistor_02496.jpg","68K_1W"
"resistor_02497.jpg","68K_1W"
"resistor_02498.jpg","68K_1W"
"resistor_02499.jpg","68K_1W"
"resistor_02500.jpg","68K_1W"
"resistor_02501.jpg","68K_1W"
"resistor_02502.jpg","68K_1W"
"resistor_02503.jpg","68K_1W"
"resistor_02504.jpg","68K_1W"
"resistor_02505.jpg","68K_1W"
"resistor_02506.jpg","68K_1W"
"resistor_02507.jpg","68K_1W"
"resistor_02508.jpg","68K_1W"
"resistor_02509.jpg","68K_1W"
"resistor_02510.jpg","68K_1W"
"resistor_02511.jpg","68K_1W"
"resistor_02512.jpg","68K_1W"
"resistor_02513.jpg","68K_1W"
"resistor_02514.jpg","68K_1W"
"resistor_02515.jpg","68K_1W"
"resistor_02516.jpg","68K_1W"
"resistor_02517.jpg","68K_1W"
"resistor_02518.jpg","68K_1W"
"resistor_02519.jpg","68K_1W"
"resistor_02520.jpg","68K_1W"
"resistor_02521.jpg","68K_1W"
"resistor_02522.jpg","68K_1W"
"resistor_02523.jpg","68K_1W"
"resistor_02524.jpg","68K_1W"
"resistor_02525.jpg","68K_1W"
"resistor_02526.jpg","68K_1W"
"resistor_02527.jpg","68K_1W"
"resistor_02528.jpg","68K_1W"
"resistor_02529.jpg","68K_1W"
"resistor_02530.jpg","68K_1W"
"resistor_02531.jpg","68K_1W"
"resistor_02532.jpg","68K_1W"
"resistor_02533.jpg","68K_1W"
"resistor_02534.jpg","68K_1W"
"resistor_02535.jpg","68K_1W"
"resistor_02536.jpg","68K_1W"
"resistor_02537.jpg","68K_1W"
"resistor_02538.jpg","68K_1W"
"resistor_02539.jpg","68K_1W"
"resistor_02540.jpg","68K_1W"
"resistor_02541.jpg","68K_1W"
"resistor_02542.jpg","68K_1W"
"resistor_02543.jpg","68K_1W"
"resistor_02544.jpg","68K_1W"
"resistor_02545.jpg","68K_1W"
"resistor_02546.jpg","68K_1W"
"resistor_02547.jpg","68K_1W"
"resistor_02548.jpg","68K_1W"
"resistor_02549.jpg","68K_1W"
"resistor_02550.jpg","68K_1W"
"resistor_02551.jpg","68K_1W"
"resistor_02552.jpg","68K_1W"
"resistor_02553.jpg","68K_1W"
"resistor_02554.jpg","68K_1W"
"resistor_02555.jpg","68K_1W"
"resistor_02556.jpg","68K_1W"
"resistor_02557.jpg","68K_1W"
"resistor_02558.jpg","6R8_1-4W"
"resistor_02559.jpg","6R8_1-4W"
"resistor_02560.jpg","6R8_1-4W"
"resistor_02561.jpg","6R8_1-4W"
"resistor_02562.jpg","6R8_1-4W"
"resistor_02563.jpg","6R8_1-4W"
"resistor_02564.jpg","6R8_1-4W"
"resistor_02565.jpg","6R8_1-4W"
"resistor_02566.jpg","6R8_1-4W"
"resistor_02567.jpg","6R8_1-4W"
"resistor_02568.jpg","6R8_1-4W"
"resistor_02569.jpg","6R8_1-4W"
"resistor_02570.jpg","6R8_1-4W"
"resistor_02571.jpg","6R8_1-4W"
"resistor_02572.jpg","6R8_1-4W"
"resistor_02573.jpg","6R8_1-4W"
"resistor_02574.jpg","6R8_1-4W"
"resistor_02575.jpg","6R8_1-4W"
"resistor_02576.jpg","6R8_1-4W"
"resistor_02577.jpg","6R8_1-4W"
"resistor_02578.jpg","6R8_1-4W"
"resistor_02579.jpg","6R8_1-4W"
"resistor_02580.jpg","6R8_1-4W"
"resistor_02581.jpg","6R8_1-4W"
"resistor_02582.jpg","6R8_1-4W"
"resistor_02583.jpg","6R8_1-4W"
"resistor_02584.jpg","6R8_1-4W"
"resistor_02585.jpg","6R8_1-4W"
"resistor_02586.jpg","6R8_1-4W"
"resistor_02587.jpg","6R8_1-4W"
"resistor_02588.jpg","6R8_1-4W"
"resistor_02589.jpg","6R8_1-4W"
"resistor_02590.jpg","6R8_1-4W"
"resistor_02591.jpg","6R8_1-4W"
"resistor_02592.jpg","6R8_1-4W"
"resistor_02593.jpg","6R8_1-4W"
"resistor_02594.jpg","6R8_1-4W"
"resistor_02595.jpg","6R8_1-4W"
"resistor_02596.jpg","6R8_1-4W"
"resistor_02597.jpg","6R8_1-4W"
"resistor_02598.jpg","6R8_1-4W"
"resistor_02599.jpg","6R8_1-4W"
"resistor_02600.jpg","6R8_1-4W"
"resistor_02601.jpg","6R8_1-4W"
"resistor_02602.jpg","6R8_1-4W"
"resistor_02603.jpg","6R8_1-4W"
"resistor_02604.jpg","6R8_1-4W"
"resistor_02605.jpg","6R8_1-4W"
"resistor_02606.jpg","6R8_1-4W"
"resistor_02607.jpg","6R8_1-4W"
"resistor_02608.jpg","6R8_1-4W"
"resistor_02609.jpg","6R8_1-4W"
"resistor_02610.jpg","6R8_1-4W"
"resistor_02611.jpg","6R8_1-4W"
"resistor_02612.jpg","6R8_1-4W"
"resistor_02613.jpg","6R8_1-4W"
"resistor_02614.jpg","6R8_1-4W"
"resistor_02615.jpg","6R8_1-4W"
"resistor_02616.jpg","6R8_1-4W"
"resistor_02617.jpg","6R8_1-4W"
"resistor_02618.jpg","6R8_1-4W"
"resistor_02619.jpg","6R8_1-4W"
"resistor_02620.jpg","6R8_1-4W"
"resistor_02621.jpg","6R8_1-4W"
"resistor_02622.jpg","6R8_1-4W"
"resistor_02623.jpg","6R8_1-4W"
"resistor_02624.jpg","6R8_1-4W"
"resistor_02625.jpg","6R8_1-4W"
"resistor_02626.jpg","6R8_1-4W"
"resistor_02627.jpg","6R8_1-4W"
"resistor_02628.jpg","6R8_1-4W"
"resistor_02629.jpg","6R8_1-4W"
"resistor_02630.jpg","6R8_1-4W"
"resistor_02631.jpg","7K5_1-4W"
"resistor_02632.jpg","7K5_1-4W"
"resistor_02633.jpg","7K5_1-4W"
"resistor_02634.jpg","7K5_1-4W"
"resistor_02635.jpg","7K5_1-4W"
"resistor_02636.jpg","7K5_1-4W"
"resistor_02637.jpg","7K5_1-4W"
"resistor_02638.jpg","7K5_1-4W"
"resistor_02639.jpg","7K5_1-4W"
"resistor_02640.jpg","7K5_1-4W"
"resistor_02641.jpg","7K5_1-4W"
"resistor_02642.jpg","7K5_1-4W"
"resistor_02643.jpg","7K5_1-4W"
"resistor_02644.jpg","7K5_1-4W"
"resistor_02645.jpg","7K5_1-4W"
"resistor_02646.jpg","7K5_1-4W"
"resistor_02647.jpg","7K5_1-4W"
"resistor_02648.jpg","7K5_1-4W"
"resistor_02649.jpg","7K5_1-4W"
"resistor_02650.jpg","7K5_1-4W"
"resistor_02651.jpg","7K5_1-4W"
"resistor_02652.jpg","7K5_1-4W"
"resistor_02653.jpg","7K5_1-4W"
"resistor_02654.jpg","7K5_1-4W"
"resistor_02655.jpg","7K5_1-4W"
"resistor_02656.jpg","7K5_1-4W"
"resistor_02657.jpg","7K5_1-4W"
"resistor_02658.jpg","7K5_1-4W"
"resistor_02659.jpg","7K5_1-4W"
"resistor_02660.jpg","7K5_1-4W"
"resistor_02661.jpg","7K5_1-4W"
"resistor_02662.jpg","7K5_1-4W"
"resistor_02663.jpg","7K5_1-4W"
"resistor_02664.jpg","7K5_1-4W"
"resistor_02665.jpg","7K5_1-4W"
"resistor_02666.jpg","7K5_1-4W"
"resistor_02667.jpg","7K5_1-4W"
"resistor_02668.jpg","7K5_1-4W"
"resistor_02669.jpg","7K5_1-4W"
"resistor_02670.jpg","7K5_1-4W"
"resistor_02671.jpg","7K5_1-4W"
"resistor_02672.jpg","7K5_1-4W"
"resistor_02673.jpg","7K5_1-4W"
"resistor_02674.jpg","7K5_1-4W"
"resistor_02675.jpg","7K5_1-4W"
"resistor_02676.jpg","7K5_1-4W"
"resistor_02677.jpg","7K5_1-4W"
"resistor_02678.jpg","7K5_1-4W"
"resistor_02679.jpg","7K5_1-4W"
"resistor_02680.jpg","7K5_1-4W"
"resistor_02681.jpg","7K5_1-4W"
"resistor_02682.jpg","7K5_1-4W"
"resistor_02683.jpg","7K5_1-4W"
"resistor_02684.jpg","7K5_1-4W"
"resistor_02685.jpg","7K5_1-4W"
"resistor_02686.jpg","7K5_1-4W"
"resistor_02687.jpg","7K5_1-4W"
"resistor_02688.jpg","7K5_1-4W"
"resistor_02689.jpg","7K5_1-4W"
"resistor_02690.jpg","7K5_1-4W"
"resistor_02691.jpg","7K5_1-4W"
"resistor_02692.jpg","7K5_1-4W"
"resistor_02693.jpg","7K5_1-4W"
"resistor_02694.jpg","7K5_1-4W"
"resistor_02695.jpg","7K5_1-4W"
"resistor_02696.jpg","7K5_1-4W"
"resistor_02697.jpg","7K5_1-4W"
"resistor_02698.jpg","7K5_1-4W"
"resistor_02699.jpg","7K5_1-4W"
"resistor_02700.jpg","7K5_1-4W"
"resistor_02701.jpg","7K5_1-4W"
"resistor_02702.jpg","7K5_1-4W"
"resistor_02703.jpg","7K5_1-4W"
"resistor_02704.jpg","7K5_1-4W"
"resistor_02705.jpg","7K5_1-4W"
"resistor_02706.jpg","7K5_1-4W"
"resistor_02707.jpg","7K5_1-4W"
"resistor_02708.jpg","7K5_1-4W"
"resistor_02709.jpg","7K5_1-4W"
"resistor_02710.jpg","7K5_1-4W"
"resistor_02711.jpg","820R_1-4W"
"resistor_02712.jpg","820R_1-4W"
"resistor_02713.jpg","820R_1-4W"
"resistor_02714.jpg","820R_1-4W"
"resistor_02715.jpg","820R_1-4W"
"resistor_02716.jpg","820R_1-4W"
"resistor_02717.jpg","820R_1-4W"
"resistor_02718.jpg","820R_1-4W"
"resistor_02719.jpg","820R_1-4W"
"resistor_02720.jpg","820R_1-4W"
"resistor_02721.jpg","820R_1-4W"
"resistor_02722.jpg","820R_1-4W"
"resistor_02723.jpg","820R_1-4W"
"resistor_02724.jpg","820R_1-4W"
"resistor_02725.jpg","820R_1-4W"
"resistor_02726.jpg","820R_1-4W"
"resistor_02727.jpg","820R_1-4W"
"resistor_02728.jpg","820R_1-4W"
"resistor_02729.jpg","820R_1-4W"
"resistor_02730.jpg","820R_1-4W"
"resistor_02731.jpg","820R_1-4W"
"resistor_02732.jpg","820R_1-4W"
"resistor_02733.jpg","820R_1-4W"
"resistor_02734.jpg","820R_1-4W"
"resistor_02735.jpg","820R_1-4W"
"resistor_02736.jpg","820R_1-4W"
"resistor_02737.jpg","820R_1-4W"
"resistor_02738.jpg","820R_1-4W"
"resistor_02739.jpg","820R_1-4W"
"resistor_02740.jpg","820R_1-4W"
"resistor_02741.jpg","820R_1-4W"
"resistor_02742.jpg","820R_1-4W"
"resistor_02743.jpg","820R_1-4W"
"resistor_02744.jpg","820R_1-4W"
"resistor_02745.jpg","820R_1-4W"
"resistor_02746.jpg","820R_1-4W"
"resistor_02747.jpg","820R_1-4W"
"resistor_02748.jpg","820R_1-4W"
"resistor_02749.jpg","820R_1-4W"
"resistor_02750.jpg","820R_1-4W"
"resistor_02751.jpg","820R_1-4W"
"resistor_02752.jpg","820R_1-4W"
"resistor_02753.jpg","820R_1-4W"
"resistor_02754.jpg","820R_1-4W"
"resistor_02755.jpg","820R_1-4W"
"resistor_02756.jpg","820R_1-4W"
"resistor_02757.jpg","820R_1-4W"
"resistor_02758.jpg","820R_1-4W"
"resistor_02759.jpg","820R_1-4W"
"resistor_02760.jpg","820R_1-4W"
"resistor_02761.jpg","820R_1-4W"
"resistor_02762.jpg","820R_1-4W"
"resistor_02763.jpg","820R_1-4W"
"resistor_02764.jpg","820R_1-4W"
"resistor_02765.jpg","820R_1-4W"
"resistor_02766.jpg","820R_1-4W"
"resistor_02767.jpg","820R_1-4W"
"resistor_02768.jpg","820R_1-4W"
"resistor_02769.jpg","820R_1-4W"
"resistor_02770.jpg","820R_1-4W"
"resistor_02771.jpg","820R_1-4W"
"resistor_02772.jpg","820R_1-4W"
"resistor_02773.jpg","820R_1-4W"
"resistor_02774.jpg","820R_1-4W"
"resistor_02775.jpg","820R_1-4W"
"resistor_02776.jpg","820R_1-4W"
"resistor_02777.jpg","820R_1-4W"
"resistor_02778.jpg","820R_1-4W"
"resistor_02779.jpg","820R_1-4W"
"resistor_02780.jpg","820R_1-4W"
"resistor_02781.jpg","820R_1-4W"
"resistor_02782.jpg","820R_1-4W"
"resistor_02783.jpg","820R_1-4W"
"resistor_02784.jpg","820R_1-4W"
"resistor_02785.jpg","820R_1-4W"
"resistor_02786.jpg","820R_1-4W"
"resistor_02787.jpg","820R_1-4W"
"resistor_02788.jpg","820R_1-4W"
"resistor_02789.jpg","820R_1-4W"
"resistor_02790.jpg","820R_1-4W"
"resistor_02791.jpg","820R_1-4W"
"resistor_02792.jpg","820R_1-4W"
"resistor_02793.jpg","820R_1-4W"
"resistor_02794.jpg","820R_1-4W"
"resistor_02795.jpg","820R_1-4W"
"resistor_02796.jpg","820R_1-4W"
"resistor_02797.jpg","820R_1-4W"
"resistor_02798.jpg","820R_1-4W"
"resistor_02799.jpg","820R_1-4W"
"resistor_02800.jpg","820R_1-4W"
"resistor_02801.jpg","820R_1-4W"
"resistor_02802.jpg","820R_1-4W"
"resistor_02803.jpg","820R_1-4W"
"resistor_02804.jpg","820R_1-4W"
"resistor_02805.jpg","820R_1-4W"
"resistor_02806.jpg","820R_1-4W"
"resistor_02807.jpg","820R_1-4W"
"resistor_02808.jpg","820R_1-4W"
"resistor_02809.jpg","8K2_1-4W"
"resistor_02810.jpg","8K2_1-4W"
"resistor_02811.jpg","8K2_1-4W"
"resistor_02812.jpg","8K2_1-4W"
"resistor_02813.jpg","8K2_1-4W"
"resistor_02814.jpg","8K2_1-4W"
"resistor_02815.jpg","8K2_1-4W"
"resistor_02816.jpg","8K2_1-4W"
"resistor_02817.jpg","8K2_1-4W"
"resistor_02818.jpg","8K2_1-4W"
"resistor_02819.jpg","8K2_1-4W"
"resistor_02820.jpg","8K2_1-4W"
"resistor_02821.jpg","8K2_1-4W"
"resistor_02822.jpg","8K2_1-4W"
"resistor_02823.jpg","8K2_1-4W"
"resistor_02824.jpg","8K2_1-4W"
"resistor_02825.jpg","8K2_1-4W"
"resistor_02826.jpg","8K2_1-4W"
"resistor_02827.jpg","8K2_1-4W"
"resistor_02828.jpg","8K2_1-4W"
"resistor_02829.jpg","8K2_1-4W"
"resistor_02830.jpg","8K2_1-4W"
"resistor_02831.jpg","8K2_1-4W"
"resistor_02832.jpg","8K2_1-4W"
"resistor_02833.jpg","8K2_1-4W"
"resistor_02834.jpg","8K2_1-4W"
"resistor_02835.jpg","8K2_1-4W"
"resistor_02836.jpg","8K2_1-4W"
"resistor_02837.jpg","8K2_1-4W"
"resistor_02838.jpg","8K2_1-4W"
"resistor_02839.jpg","8K2_1-4W"
"resistor_02840.jpg","8K2_1-4W"
"resistor_02841.jpg","8K2_1-4W"
"resistor_02842.jpg","8K2_1-4W"
"resistor_02843.jpg","8K2_1-4W"
"resistor_02844.jpg","8K2_1-4W"
"resistor_02845.jpg","8K2_1-4W"
"resistor_02846.jpg","8K2_1-4W"
"resistor_02847.jpg","8K2_1-4W"
"resistor_02848.jpg","8K2_1-4W"
"resistor_02849.jpg","8K2_1-4W"
"resistor_02850.jpg","8K2_1-4W"
"resistor_02851.jpg","8K2_1-4W"
"resistor_02852.jpg","8K2_1-4W"
"resistor_02853.jpg","8K2_1-4W"
"resistor_02854.jpg","8K2_1-4W"
"resistor_02855.jpg","8K2_1-4W"
"resistor_02856.jpg","8K2_1-4W"
"resistor_02857.jpg","8K2_1-4W"
"resistor_02858.jpg","8K2_1-4W"
"resistor_02859.jpg","8K2_1-4W"
"resistor_02860.jpg","8K2_1-4W"
"resistor_02861.jpg","8K2_1-4W"
"resistor_02862.jpg","8K2_1-4W"
"resistor_02863.jpg","8K2_1-4W"
"resistor_02864.jpg","8K2_1-4W"
"resistor_02865.jpg","8K2_1-4W"
"resistor_02866.jpg","8K2_1-4W"
"resistor_02867.jpg","8K2_1-4W"
"resistor_02868.jpg","8K2_1-4W"
"resistor_02869.jpg","8K2_1-4W"
"resistor_02870.jpg","8K2_1-4W"
"resistor_02871.jpg","8K2_1-4W"
"resistor_02872.jpg","8K2_1-4W"
"resistor_02873.jpg","8K2_1-4W"
"resistor_02874.jpg","8K2_1-4W"
"resistor_02875.jpg","8K2_1-4W"
"resistor_02876.jpg","8K2_1-4W"
"resistor_02877.jpg","8K2_1-4W"
"resistor_02878.jpg","8K2_1-4W"
"resistor_02879.jpg","8K2_1-4W"
"resistor_02880.jpg","8K2_1-4W"
"resistor_02881.jpg","8K2_1-4W"
